"ISO3"	"COUNTRY"	"ANDIFF.00.10.rel"	"CROPAREADIF.00.10"	"MEADOWAREADIF.00.10"	"CATT.DIFF.00.10.rel"	"POPDIF.00.10.rel"	"RURPOPDIF.00.10.rel"	"URBPOPDIF.00.10.rel"	"AGRIPOPDIF.00.10.rel"	"BIOENDIFF.00.09.rel"	"FUELSHAREDIF.00.10"	"SOLIDFUELUSE.2010"	"FOREXSHAREDIF.00.10"	"ROAD.CHANGE.00.10.rel"	"GDPGROWTHAV.00.10"	"CPI2012"
"ABW"	"Aruba"	0	NA	NA	NA	18.8888888888889	18.75	19.047619047619	4.76190476190476	NA	0	NA	NA	0	-0.8446457886	NA
"AFG"	"Afghanistan"	0	5.41182965541566	0	87.5	37.4343717185859	33.2949561403509	53.7911611785095	28.9896907216495	NA	6.17414595080025	85	1.27074926962614	11.28238924	10.3204931721	8
"AGO"	"Angola"	-0.2089	-0.00802117590438756	0	14.2857142857143	37.0242711474939	11.4583333333333	63.6470243330402	32.2125487841489	-2.31	4.26449723579023	55	-0.0537229002442607	0	11.4172327602	22
"AIA"	"Anguilla"	0	NA	NA	NA	36.3636363636364	NA	36.3636363636364	0	NA	NA	NA	NA	NA	NA	NA
"ALB"	"Albania"	0.0949	5.25217391304348	9.12347826086956	-35.9375	4.296875	-13.9106145251397	29.7191887675507	-9.64912280701754	-19.24	8.91212736069923	39	-0.288037038370889	0	5.9732836716	33
"AND"	"Andorra"	0	NA	2.44444444444445	NA	30.7692307692308	100	25	-16.6666666666667	NA	NA	5	-0.00697413649921861	0	6.1915197399	NA
"ANT"	"Netherlands Antilles"	0	NA	NA	100	11.6666666666667	-22.2222222222222	15.4320987654321	0	NA	0	NA	0.000353957818316496	NA	NA	NA
"ARE"	"United Arab Emirates"	0.2355	-1.32775119617225	0	-5.88235294117648	147.675568743818	100	159.301848049281	54.9668874172185	NA	0	5	0.00336052268075539	0	5.3436805479	68
"ARG"	"Argentina"	-0.7724	10.7239965472594	4.68637606099842	-13.1578947368421	9.42568573826866	-15.7115437345764	12.1800264391299	-11.1428571428571	-2.78	1.17931960468685	5	-0.0292199110968805	0.67569661	2.9056759325	35
"ARM"	"Armenia"	-1.3816	10.7315436241611	13.3020134228188	-8.33333333333333	0.520156046814044	1.83992640294388	-0.201106083459025	-25.4498714652956	-36.78	-0.0571102227298752	19	-0.162962184732327	0.42102171	8.5558688471	34
"ASM"	"American Samoa"	-0.1873	-2	NA	0	17.2413793103448	-16.6666666666667	25.4901960784314	-10	NA	NA	NA	NA	0	NA	NA
"ATG"	"Antigua and Barbuda"	-0.2	0	0	10.9589041095891	14.1025641025641	16.9811320754717	8	0	NA	NA	5	NA	0	2.3648093727	NA
"AUS"	"Australia"	-0.3628	3.36795328889578	-6.75450834495943	16.6666666666667	16.1970361093717	-1.42276422764228	18.7847949715654	-1.0250569476082	2.13	-5.77669073333638	5	0.0166373812318113	0.75923745	3.4494682402	85
"AUT"	"Austria"	0.1277	15.0470966972696	-1.55001788482175	0	4.85946283572767	-0.511322132943755	7.65141446743877	-31.3868613138686	20.68	3.9720502416292	5	-0.0634762852032902	0	1.8946752956	69
"AZE"	"Azerbaijan"	0	21.169501506911	-0.262121684507107	36.5853658536586	13.2782640858094	11.5967660434563	14.9084778420039	-4.12654745529574	-100	1.82336182336182	7	-0.0195866254797622	1.21753302	16.1623010342	27
"BDI"	"Burundi"	-1.3131	1.43729787998563	-1.79662234998204	62.5	31.5186695952306	27.603899435608	74.9525616698292	29.2055267702936	NA	3.69084247756876	95	0.719376262526499	10.11856279	3.2393667909	19
"BEL"	"Belgium"	0.1574	24.5020964360587	2.35849056603773	-12.7853881278539	5.26729559748428	-5.78231292517007	5.59603319166161	-27.1739130434783	18.38	2.58553233134314	5	-0.0434209453280646	3.9e-07	1.7689989301	75
"BEN"	"Benin"	-0.9879	0.310779612857396	0	22.9166666666667	35.7778459650199	27.6188106494153	48.9591673338671	11.4586295137902	0.02	-1.0531772260253	91	14.556875193448	0	4.4037557434	36
"BFA"	"Burkina Faso"	-0.9587	0.0182481751824817	0	42.8571428571428	33.9596551163169	21.1683168316832	92.8441203281677	33.697856953876	NA	-0.961966641525976	92	NA	0	6.1535873076	38
"BGD"	"Bangladesh"	-0.1771	3.125	0	6.88259109311741	14.7385641088956	8.01648135244039	36.5117267999084	-5.10461075232507	-0.43	1.16622859398464	91	-0.504175555915638	-0.03152394	6.4338691935	26
"BGR"	"Bulgaria"	1.6356	25.2342342342342	-0.117117117117118	-8.33333333333333	-6.39520359730202	-14.0963855421687	-2.91878172588833	-50.9836065573771	-2.14	2.83355051352051	14	-0.00918723803436861	0.0406174	4.6605269162	41
"BHR"	"Bahrain"	4.1779	-0.281690140845071	0	0	97.8056426332288	94.5945945945946	98.2269503546099	14.2857142857143	NA	0	5	0.00606505421310542	0.5652979	6.4771045961	51
"BHS"	"Bahamas"	0	0	0	0	15.1006711409396	3.77358490566038	18.0327868852459	-27.2727272727273	NA	1.2523399430264	5	0.00225754273610235	0	1.0615715259	71
"BIH"	"Bosnia and Herzegovina"	0	10.0956844366335	0.0976371802382374	0	1.78668110449377	-7.86838340486409	14.4646211646838	-55.5	-12.45	12.6688773423828	45	0.5468251630301	0	4.6236001285	42
"BLM"	"Saint Barthelemy"	0	NA	NA	NA	NA	NA	NA	NA	NA	NA	NA	NA	NA	NA	NA
"BLR"	"Belarus"	0.4315	-0.00963391136801539	1.18497109826589	0	-4.60330085504076	-19.7355371900826	1.90530356888952	-35.9128474830954	0	6.98311558994874	5	0.229566375119074	-2.5e-07	8.0048446158	31
"BLZ"	"Belize"	-0.6447	-0.130605137135394	0	65.7142857142857	24.3027888446215	13.7404580152672	35.8333333333333	8.82352941176471	NA	8.28492269192957	12	0.455255329242285	0	5.1954397418	NA
"BMU"	"Bermuda"	0	NA	NA	46.6666666666667	3.17460317460317	NA	3.17460317460317	0	NA	NA	NA	NA	0	2.3485395412	NA
"BOL"	"Bolivia, Plurinational State of"	-0.4818	0.046423564965683	-0.756431029146718	22.2222222222222	19.5377392560491	4.76190476190476	28.6353903056259	11.686848774993	4.46	-10.0501243137616	29	0.179237337356595	2.56224052	4.0970564231	34
"BRA"	"Brazil"	-0.484	-0.0380041034096822	-0.0241929706501693	18.4615384615385	11.7649419521284	-19.9506187892459	19.1118423375395	-23.8105567606652	8.26	-3.54022880729713	6	-0.119114630502613	9.39490813	4.0517778732	43
"BRB"	"Barbados"	0	0	0	-38.28125	1.86567164179104	-7.87878787878788	18.4466019417476	-36.3636363636364	NA	-6.55479331162073	5	0.00652712603647265	0.35309541	0.089228499	76
"BRN"	"Brunei Darussalam"	-0.4282	0.173310225303293	-0.103986135181976	-36.231884057971	22.0183486238532	3.19148936170213	29.6137339055794	-50	NA	0.680458031333426	5	-0.00382510743588711	8.86020228	1.6487431504	55
"BTN"	"Bhutan"	0.3438	-0.0361702127659574	0.0425531914893611	-10.4477611940299	27.1453590192644	11.2676056338028	73.7931034482759	27.4102079395085	NA	-0.69651769057154	40	0.0899675453688797	-5.93520865	9.4180493269	63
"BWA"	"Botswana"	-0.9446	0.419438571158441	0	0	14.1638225255973	-5.10948905109489	31.0897435897436	9.4559585492228	0.04	0.860717584089983	37	NA	-2.61748913	4.9282242412	65
"CAF"	"Central African Republic"	-0.1301	-0.0224719101123596	0.120385232744783	26.2295081967213	18.8816855753647	16.421143847487	23.0437903804738	3.61131794489948	NA	8.30594685222616	95	25.0973744329346	0	0.7772244432	26
"CAN"	"Canada"	0	-0.134906812143015	-0.0585297260700652	4.99999999999999	10.9237943065836	4.94121385446457	12.459998358907	-19.4125159642401	-3.31	0.810937988286326	5	-0.0185140240897844	0	2.3946052435	84
"CHE"	"Switzerland"	0.3853	6.55038759689922	3.19282945736434	0	6.91964285714286	5.75313807531381	7.36301369863014	-17.6344086021505	19.32	12.7478373195285	NA	-0.311625800629555	0	2.0945526957	86
"CHL"	"Chile"	0.2507	0.128200044936098	1.34147469701175	-11.1111111111111	10.9857328145266	-13.1518227964928	14.9324681204256	-7.13121434392828	-4.04	-6.37089037002704	6	-0.362920323481489	2.38912007	4.3034958148	72
"CHN"	"China"	1.687	0.352604166666667	-3.1249999999261e-05	-12.5	5.69065863134576	-12.7296972415232	38.2759495884708	-3.46969181687153	-16.19	-5.50020478529736	46	-0.00213757440975183	9.45389133	11.3717373137	39
"CIV"	"Cote d'Ivoire"	0.0726	1.8606959002667	0.620231966755561	14.2857142857143	19.0326860451092	4.22986541337321	38.2271468144044	-7.43351886209029	1.22	14.4940726164029	78	-0.0614912763347277	-2.88975446	0.6982611752	29
"CMR"	"Cameroon"	-0.9948	0.420662964832576	0	-17.1875	25.009567546881	3.72726116270195	46.4116668798772	-3.83785080355001	-1.72	-0.793685584416764	75	1.75095639700563	9.70981564	3.7220705071	26
"COD"	"Congo, The Democratic Republic of the"	-0.198	-0.0170585877195227	0.0426464692988073	0	32.9262886390199	22.7353667643173	56.8775744479708	22.4475229536385	0.14	-0.45014923638179	93	-0.686395264116576	0	4.1740990012	21
"COG"	"Congo"	-0.0643	0.0292397660818713	0	200	28.922193877551	17.2149961744453	37.2881355932203	2.86852589641434	0.33	-6.33676550627243	77	-3.83373542785284	-5.0676051	5.4094162968	26
"COK"	"Cook Islands"	0	-8.33333333333333	NA	33.3333333333333	11.1111111111111	-16.6666666666667	25	-16.6666666666667	NA	NA	5	-11.2665656586929	NA	NA	NA
"COL"	"Colombia"	-0.1642	1.32603459601489	-1.01948762864024	20.3703703703704	16.4244039835027	3.93551873198847	21.2630844382414	-12.3285947917977	-9.23	-12.1110652566622	14	0.0499965210843061	0	4.5269339871	36
"COM"	"Comoros"	-6.25	4.30107526881721	0	-8.57142857142856	30.7829181494662	29.1338582677165	34.2541436464088	23.1884057971014	NA	2.43625693607889	71	0	0	2.1849952727	28
"CPV"	"Cape Verde"	0.3655	0.248138957816377	0	103.333333333333	13.5011441647597	-5.3921568627451	29.4871794871795	-16.8316831683168	NA	0	32	0.644034488432657	0	6.8116139741	60
"CRI"	"Costa Rica"	0.9638	0.978473581213307	-0.978473581213308	-2.70270270270271	18.8823679510079	3.30218068535826	29.6888504753673	-8.2089552238806	47.16	-6.13039120066055	6	0.649755705279243	1.68457241	4.5375514074	54
"CUB"	"Cuba"	1.7864	-1.44326177160382	1.17265018942811	-3.17460317460318	1.38688760806916	2.953119232189	0.881477069684336	-20.8695652173913	-0.57	8.3897201107921	9	0.061877377455099	0	5.7774075394	48
"CYM"	"Cayman Islands"	0	0	0	13.4328358208955	40	NA	40	22.2222222222222	NA	NA	NA	NA	0	NA	NA
"CYP"	"Cyprus"	0.0916	6.53948008431065	0	26.3157894736842	17.0731707317073	10.8108108108108	19.7530864197531	-27.1604938271605	7.05	14.1638628468323	5	-0.000203966196527235	0.76518661	3.359665849	66
"CZE"	"Czech Republic"	0.0758	0.0126790921770001	0.316977304425002	-16.2162162162162	2.4406912037489	4.2042042042042	1.82082068874522	-23.9766081871345	3.52	5.23191227561001	5	-0.434823738267917	0	3.8114072912	49
"DEU"	"Germany"	0	25.223358073099	6.09998599635905	-10.4651162790698	-0.0570741599776561	-2.9577528292529	1.01379424962606	-37.3184898354308	15.63	11.7128483370065	5	-0.0865883213411726	0	1.28047276	79
"DJI"	"Djibouti"	0	NA	4.31108811864114	-10.5263157894737	21.448087431694	20.5714285714286	21.9424460431655	14.8342059336824	NA	0	13	NA	0	3.9429277883	36
"DMA"	"Dominica"	-0.5641	5.33333333333333	0	-18.75	-2.85714285714286	-4.34782608695652	-2.12765957446809	-12.5	NA	0	5	0.0607533660637069	-3e-07	2.4045391164	58
"DNK"	"Denmark"	1.1934	42.2505800464037	9.37354988399072	-15.4929577464789	3.93258426966292	-8.41708542713568	6.09595070422535	-30.1980198019802	7.17	24.8568602360108	5	-0.153069590625812	0	0.9604152296	90
"DOM"	"Dominican Republic"	0	0	0	48.75	15.5377094972067	-6.9364161849711	29.4627709707823	-23.4116022099447	-2.14	0.0687414078566633	7	NA	0	5.8748944992	32
"DZA"	"Algeria"	-0.551	1.933040550186	0.476122498677437	0	16.159035828912	-3.16192649335832	29.1479575073924	0.379609544468547	-30.05	0.50100869753463	5	0.000154248025035715	1.13081674	4.0049036034	34
"ECU"	"Ecuador"	-1.6688	3.59994357455212	-0.58929327126534	25	17.1729445119482	-2.4484799020608	30.091348737238	-10.6575257089436	-15.31	-20.49843901011	5	-0.0196081380999505	-3.43303993	4.1628654252	32
"EGY"	"Egypt"	1.8644	0.307554046632383	NA	10.952380952381	19.9163315988647	18.6474403700545	21.6158336499603	-3.33532372259661	7.34	0.121829875377443	5	0.0107170650648593	1.67355048	5.3957812993	32
"ERI"	"Eritrea"	-0.2792	-0.00850340136054422	-0.569727891156461	-6.89655172413792	43.2388222464558	36.604774535809	73.9263803680982	37.1196036801132	-0.04	0.0168524951633486	60	NA	0	0.5590462959	25
"ESH"	"Western Sahara"	0	NA	NA	0	68.5714285714286	88.2352941176471	64.3939393939394	38.7931034482759	NA	NA	NA	NA	NA	NA	NA
"ESP"	"Spain"	0.6978	14.7733343886657	-0.191938579654511	4.76190476190477	14.3690428911835	8.89795064826432	16.0683482506102	-30.5385139740968	-18.06	20.6497913099686	5	0.0482462879352699	0	2.5459985694	65
"EST"	"Estonia"	-0.1159	8.82157859827548	8.06986513376078	-7.40740740740741	-2.18818380743982	-2.38663484486873	-1.99789695057834	-23.7179487179487	-2.18	8.59371492704826	11	-4.63741372856914	-1.15249848	4.5533836353	64
"ETH"	"Ethiopia"	-1.0281	11.1310332337227	1.26414923480938	34.2592592592592	26.4905913568575	23.8715573315176	41.4389520008188	18.9057953555609	-0.23	-0.0821011436775336	95	0.000171689085997059	1.91072777	9.0215801093	33
"FIN"	"Finland"	-0.1345	3.79114709532534	1.96796879617044	-16.6666666666667	3.71157935433984	-13.2321041214751	7.36124176857949	-32.4675324675325	1.27	2.1806852134361	5	-0.0247819712954034	0.51992345	2.2574144005	90
"FJI"	"Fiji"	0.3431	0.109469074986317	0	-6.41025641025642	6.03448275862069	-2.12765957446809	14.6529562982005	-3.73831775700935	NA	0.0599163743815216	37	0.503289627318118	0	1.0877754028	NA
"FLK"	"Falkland Islands (Malvinas)"	0	NA	1.10928512736236	0	0	0	0	NA	NA	0	NA	NA	NA	NA	NA
"FRA"	"France"	0.3915	26.0743427017226	5.17860380779691	-1.47058823529412	6.33213656686086	-32.1190354027706	17.8878978086114	-35.6781376518219	13.35	6.83424103121251	NA	-0.103950351739386	0	1.4813026162	71
"FRO"	"Faroe Islands"	0	NA	NA	0	6.52173913043478	0	17.6470588235294	-50	NA	NA	NA	-0.000349669381984323	0	NA	NA
"FSM"	"Micronesia, Federated States of"	0.0428	0	0	3.22580645161291	3.73831775700935	3.6144578313253	4.16666666666667	-10.3448275862069	NA	0	41	NA	0	0.6091942393	NA
"GAB"	"Gabon"	0	0	0	0	21.8623481781377	-14.2857142857143	30.8080808080808	-16.9527896995708	0.56	7.30809311547591	26	-13.4678453754982	2.78628096	1.7975585675	35
"GBR"	"United Kingdom"	0.3151	18.6673219478232	5.75009214891265	-10.6060606060606	5.37430621361852	0.558747147241678	6.69339714156373	-12.4045801526718	-2.16	11.2698330931482	5	0.00308017644562159	0	2.1869933129	74
"GEO"	"Georgia"	-0.0923	1.73601147776184	0.150645624103294	7.69230769230768	-8.30172777075432	-8.49644128113879	-8.08646917534027	-30.7286166842661	-35.68	12.9560777143645	46	-4.84650545995046	0	6.4285651553	52
"GGY"	"Guernsey"	0	NA	NA	NA	NA	NA	NA	NA	NA	NA	NA	NA	NA	NA	NA
"GHA"	"Ghana"	-1.8937	2.72490986836589	-0.125765070847656	0	27.2736759718236	10.203891630202	49.0384615384615	21.463595152188	1.41	0.398074620952585	84	2.14419332059513	-9.05338561	6.2242943015	45
"GIB"	"Gibraltar"	0	NA	NA	NA	7.40740740740741	NA	7.40740740740741	0	NA	NA	NA	0	NA	NA	NA
"GIN"	"Guinea"	-0.5214	0.203367770275767	0	61.9047619047619	19.6308724832215	12.1306916927355	36.2408336549595	13.8364779874214	NA	0.219632203588333	95	5.76315626452255	-15.97028021	2.8676198672	24
"GLP"	"Guadeloupe"	-0.2905	-1.41104294478528	-3.00613496932515	30.0751879699248	7.96252927400468	0	7.85714285714286	-46.1538461538462	NA	0	NA	NA	NA	NA	NA
"GMB"	"Gambia"	0.4121	0	-9.46902654867257	4.54545454545453	33.230531996916	9.54545454545455	57.7708006279435	28.0701754385965	NA	1.78806749199009	91	3.71474199374183	0	4.3971295474	34
"GNB"	"Guinea-Bissau"	-0.4623	0.0553709856035436	0	25.8064516129032	22.0789685737309	21.6743119266055	23.6413043478261	17.3828125	NA	0.861360033705282	95	3.861028165551	0	2.85518212	25
"GNQ"	"Equatorial Guinea"	-0.6713	-1.06951871657754	0	100	34.6153846153846	32.7044025157233	37.6237623762376	24.6537396121884	NA	6.63906277169188	51	-14.6402423834427	0	16.1791528752	20
"GRC"	"Greece"	0.8387	0.295544104274022	-1.32615944225523	14.2857142857143	3.38581960498771	-0.926763110307414	6.29285387779979	-27.0342972427707	-24.4	-25.7301920127029	5	0.0166280447586869	-9.08907919	2.4849343446	36
"GRD"	"Grenada"	0	-8.82352941176471	0	8.10810810810812	1.96078431372549	-3.07692307692308	10.8108108108108	-12.5	NA	NA	5	NA	0	2.0700199025	NA
"GRL"	"Greenland"	0	NA	0	0	1.78571428571429	-10	4.34782608695652	0	NA	NA	NA	NA	0	1.7798963393	NA
"GTM"	"Guatemala"	-1.3094	3.44384240977133	-5.05096886766461	33.9285714285714	28.0501913322061	17.9370742783004	40.3273516071781	5.83406113537118	1.36	0.659483291002971	57	0.0959793551338496	5.5302188	3.7102234345	33
"GUF"	"French Guiana"	-0.0443	0	0.00595521676989043	52.5	40	34.1463414634146	41.9354838709677	7.14285714285714	NA	6.73732246784809	NA	NA	NA	NA	NA
"GUM"	"Guam"	0	NA	NA	0	16.1290322580645	9.09090909090909	16.6666666666667	0	NA	NA	NA	NA	0	NA	NA
"GUY"	"Guyana"	0	-0.00465181188072755	0	0	2.86493860845839	3.05927342256214	2.85714285714286	-14.0625	NA	-13.1025790079726	7	2.90900724504521	0	1.3016548702	28
"HND"	"Honduras"	-1.8773	0.722633598001606	2.248193416005	37.7049180327869	22.2418784174976	8.43160377358491	38.7336399009551	-5.39652745190052	2.07	3.15037395362603	51	-1.32847639629735	0	4.6467387085	28
"HRV"	"Croatia"	0.1857	13.0597806862398	2.25327201980898	-8.33333333333333	-2.28584110075455	-6.99650174912544	1.51757188498403	-49.738219895288	0.21	-3.01403016039157	8	0.15474640273161	0.6039289	2.9120395514	46
"HTI"	"Haiti"	-0.7339	-0.72072072072072	0	-3.52941176470589	15.5928282244072	-14.0086206896552	69.1033138401559	6.01083032490975	0.64	0.368750562493631	91	0	0	0.1751958099	19
"HUN"	"Hungary"	0.6397	44.3007631946684	-2.90873911641406	-13.3333333333333	-2.22309274312016	-11.9435996682333	3.10935841043531	-31.5960912052117	6.11	8.15714487606542	5	-0.268271078776501	-1.51215959	2.3860281985	55
"IDN"	"Indonesia"	-0.5007	3.15031739447749	-0.0929343631370854	0	12.4070385904075	7.98833301014802	18.5089314603858	-4.64660661428054	-10.05	-12.0828021728128	55	-1.20265687633809	-0.0389785	5.7393192813	32
"IMN"	"Isle of Man"	0	NA	NA	NA	NA	NA	NA	NA	NA	NA	NA	NA	0	7.0561124858	NA
"IND"	"India"	0.4655	0.882193681059606	-0.154231791826627	14.0127388535032	16.1985315466962	12.4313298528216	26.0486764211581	5.86848417899136	-2.09	-0.639963709097799	NA	-0.000772804025970734	0.52745414	7.9857477999	36
"IRL"	"Ireland"	1.6378	5.00996299459152	12.5391403358952	-9.37500000000001	17.5078864353312	9.45945945945946	23.0666666666667	-18.3333333333333	-26.22	4.1835755887218	5	0.0612877237354013	0	2.9871607684	69
"IRN"	"Iran, Islamic Republic of"	0	7.70993897372719	-9.78483224937685	28.5714285714286	13.2104924856907	-7.51506861026803	24.7651966626937	-8.24837278958585	-27.01	2.21926989826451	5	0.000307234886025768	2.45399336	5.658284967	28
"IRQ"	"Iraq"	0.0856	0.0228143821865303	0	27.7777777777778	32.7576811837197	39.5960912052117	29.5062720138417	-21.2833258020786	-74.05	0	5	NA	0	-1.4552515899	18
"ISL"	"Iceland"	6.25	NA	-1.72815533980583	25	13.8790035587189	0	15	-13.0434782608696	0	NA	5	4.34490793533082e-05	3.06592088	2.6103905206	82
"ISR"	"Israel"	0.0654	9.41549614861804	-0.38060715903942	18.5714285714286	23.3250207813799	17.2815533980583	23.8909090909091	-19.1082802547771	174.65	-2.32469135802469	5	0.000142778919387288	0	4.0200747684	60
"ITA"	"Italy"	0.932	14.355213380235	7.60270790469237	-4.25531914893616	6.25592250728249	2.56437710798223	8.05596888297178	-35.0280620666887	114.8	5.36522779773102	NA	0.0029361517261623	0	0.7245373496	42
"JAM"	"Jamaica"	-0.1115	-0.909918107370338	0	-55.952380952381	6.15801704105345	5.78778135048232	6.57698056801196	-11.1111111111111	-1.01	9.98626844667861	11	0.000748628064096957	0.89675369	-0.4542007988	38
"JEY"	"Jersey"	0	NA	NA	NA	NA	NA	NA	NA	NA	NA	NA	NA	NA	NA	NA
"JOR"	"Jordan"	0	1.44965082225727	-0.551926109484118	16.6666666666667	28.1748498031904	26.5714285714286	28.6130227633669	-11.5646258503401	8.9	0.463586171833711	5	0.00111061474305147	0	6.7465619001	48
"JPN"	"Japan"	0.0414	9.57900029107459	0.500119075970469	9.19540229885057	0.649061406299714	-4.02927052366796	3.14428588852299	-44.8212083847102	10.63	-0.229727910659636	5	0.00226782490772982	0.69996356	0.9885271963	74
"KAZ"	"Kazakhstan"	-0.1664	-0.0205512128885464	-0.0359646225549568	50	7.14715517817744	1.69750726410766	11.3936081739337	-14.020618556701	105.9	5.4597306243067	9	-0.69798312826478	-0.69382428	9.2922568775	28
"KEN"	"Kenya"	-0.321	0.292916587694057	0	47.7272727272727	29.6250079989761	25.6706660820345	45.7110426463434	21.3310145911096	-4.67	4.63088543793936	80	0.0179141023651228	1.68457209	4.2037097038	27
"KGZ"	"Kyrgyzstan"	1.1127	0.0360180090045022	-0.147573786893446	33.3333333333333	7.64883955600404	8.7200249143569	5.67660550458716	-13.5408560311284	40	7.8939018973285	34	0.00108165467722875	0	4.6608267037	24
"KHM"	"Cambodia"	-1.2576	0.08285461776403	3.14847547503314	-3.8961038961039	13.5856029565357	9.20429275838732	35.1235741444867	6.99839117444266	-0.11	0.778179973495966	89	0.21765207625783	0	8.9114655494	22
"KIR"	"Kiribati"	0	0	NA	NA	19.047619047619	16.6666666666667	22.2222222222222	4.54545454545455	NA	0	80	NA	0	1.1063641433	NA
"KNA"	"Saint Kitts and Nevis"	0	15.7692307692308	-3.46153846153846	167.391304347826	13.0434782608696	12.9032258064516	13.3333333333333	0	NA	NA	56	NA	0	2.6111514208	NA
"KOR"	"Korea, Republic of"	-0.105	0.0805964134596011	0.0302236550473504	75	4.77515873706184	-12.3879641485275	9.16539217828272	-45.4071499503476	46.94	-18.9308094637964	5	0.000197692605810283	0.69617884	5.007030835	56
"KWT"	"Kuwait"	2.8866	0.168350168350168	0	64.2857142857143	41.0097887686759	25.7142857142857	41.2906610703043	33.3333333333333	NA	0	5	0.00158383040041891	1.33768364	5.7911607249	44
"LAO"	"Lao People's Democratic Republic"	-0.4724	0.0802364864864865	0	-5.88235294117646	16.6259168704156	-0.144613159797542	76.0479041916168	13.9842983316977	NA	-0.454406134588467	95	-28.9503958256356	-0.37997649	7.7280381154	21
"LBN"	"Lebanon"	0.4504	8.36538461538462	7.21153846153847	-15.3846153846154	12.9877071084981	2.86259541984733	14.6053449347421	-43.3823529411765	-10.03	-0.217986659732375	5	0.0234614618601872	0	5.2898817252	30
"LBR"	"Liberia"	-0.6481	-0.269372362395618	0	100	40.2880224798033	31.4826498422713	51.3470681458003	28.8091523660946	NA	12.6674653728308	95	NA	0	9.6066035647	41
"LBY"	"Libya"	0	0	0.113666071814225	0	21.4872873255592	13.6731391585761	23.9048811013767	-36.0927152317881	0	1.48596978322183	5	0	0	4.691676814	21
"LCA"	"Saint Lucia"	0.0642	-8.06451612903226	-1.61290322580645	58.7301587301587	10.828025477707	11.5044247787611	11.3636363636364	-2.77777777777778	NA	0	5	NA	0	2.2675824558	71
"LIE"	"Liechtenstein"	0	NA	0	30.5555555555556	9.09090909090909	10.7142857142857	0	0	NA	46.7574792071834	NA	NA	0	2.1753754099	NA
"LKA"	"Sri Lanka"	-1.0663	-0.22862368541381	0	-1.61290322580645	11.2830088023473	13.2843199391558	0.640377485675767	4.03365218393454	-0.87	-0.224061741780858	75	0.00172669410908171	-5.63839299	5.7827677557	40
"LSO"	"Lesotho"	0.4762	8.03953871499176	0	-9.99999999999999	10.5397148676171	1.01781170483461	48.9795918367347	3.05250305250305	NA	0	61	NA	23.6986499	4.5743748401	45
"LTU"	"Lithuania"	0.6931	22.3522205206738	10.0030627871363	3.84615384615385	-5.02857142857143	-5.1038062283737	-5.07462686567164	-37.15953307393	-1.13	1.01464078992169	21	-1.12841642357569	0.69693157	4.6983070216	54
"LUX"	"Luxembourg"	0	0.193050193050193	1	-5	16.551724137931	5.63380281690141	18.3561643835616	-30	39.81	-0.822238399648112	5	0.196272976787355	0	3.5433386728	80
"LVA"	"Latvia"	0.3487	-0.0774113639882335	0.294163183155288	-12.5	-5.57651991614256	-4.59317585301837	-6.03820086260012	-27.2727272727273	3.63	6.70112875325934	5	-5.63339213813926	2.45098039	4.3542116073	49
"MAF"	"Saint Martin (French part)"	0	NA	NA	NA	NA	NA	NA	NA	NA	NA	NA	NA	0	NA	NA
"MAR"	"Morocco"	0.2272	0.612921285410369	0	11.1111111111111	10.9679435974021	-0.692170288776422	21.1694992511558	-14.8102310231023	-24.81	2.35031827408028	5	0.0036364063635755	2.23837995	5.0934674686	37
"MCO"	"Monaco"	0	NA	NA	NA	NA	NA	NA	NA	NA	NA	5	NA	0	5.1915705208	NA
"MDA"	"Moldova, Republic of"	1.9136	-1.06382978723404	-0.856973995271867	-47.0588235294118	-13.0021913805698	-16.7398945518453	-8.41070453304205	-42.8571428571429	2.07	12.9249830182847	11	0.0746783048551384	0.01160851	5.3517120644	36
"MDG"	"Madagascar"	-0.4336	0	0.502521122921785	-7.6923076923077	34.8216610257745	29.141734393141	50.059995200384	26.3611062793529	NA	-0.808814998880379	95	-1.22420982056284	3.46011578	3.0508635983	32
"MDV"	"Maldives"	0	-6.66666666666666	0	NA	15.7509157509158	-4.54545454545455	67.1052631578947	-23.6842105263158	NA	0	8	NA	0	8.3819631298	NA
"MEX"	"Mexico"	-0.292	0.191083191643165	-1.73082601126055	10.3448275862069	13.468387354942	-0.470970039973087	18.1853478284154	-13.86595537491	-4.99	6.2578510402939	14	0.0023980625558685	1.0468443	2.424115429	34
"MHL"	"Marshall Islands"	0	NA	NA	NA	3.84615384615385	-6.25	8.33333333333333	-14.2857142857143	NA	NA	32	NA	0	2.314775949	NA
"MKD"	"Macedonia, The Former Yugoslav Republic of"	0.4175	10.4239595488137	1.32244262932711	4.54545454545455	2.58835241413639	2.69607843137255	2.43084660519698	-40.5405405405405	-2.82	0.818755912818688	33	-0.00403314204023923	1.80427369	3.0313540563	43
"MLI"	"Mali"	-0.5956	3.97922898910651	0.807134390698199	46.6666666666667	36.0779105799026	21.7912291537986	72.1649484536082	26.3827919227392	NA	0.833308748784205	95	-0.284728704868722	8.2028894	6.3108653247	34
"MLT"	"Malta"	0	25.9375	NA	-31.924882629108	5.03778337531486	-26.6666666666667	7.35694822888283	-42.8571428571429	NA	NA	5	0	-0.0711999	2.1872942379	57
"MMR"	"Myanmar"	-0.8876	16.83023441426	-0.00739010907800997	3.22580645161291	6.68401619289114	-1.95927420597024	29.1349923981756	1.77475482442265	-1.59	-0.339510370789739	92	-6.49146472222352	0.79156546	16.3970853654	15
"MNE"	"Montenegro"	0	NA	NA	NA	NA	NA	NA	NA	NA	NA	28	NA	1.77662495	3.9361629417	41
"MNG"	"Mongolia"	-0.699	0	-10.4200446856049	-33.3333333333333	14.3094151804231	0.673076923076923	24.653537563822	-15.7264957264957	0	8.09863364986106	72	-0.0100728601341757	0	6.6018995635	36
"MNP"	"Northern Mariana Islands"	-0.5146	NA	NA	NA	-10.2941176470588	-28.5714285714286	-9.67741935483871	-22.2222222222222	NA	NA	NA	NA	0	NA	NA
"MOZ"	"Mozambique"	-0.5259	-0.0625484750681778	0	50	28.5149167628152	14.157748711851	60.9380594343	24.3774482372692	-4.49	-0.495639444201686	95	-4.371008136638	1.18956889	7.9073815965	31
"MRT"	"Mauritania"	-2.3659	-0.000970214417386242	0	0	30.9118426031025	27.7427490542245	35.6669820245979	24.9820531227566	NA	0.25528012417422	58	-0.0468891108076982	-1.54983167	4.9462962398	31
"MSR"	"Montserrat"	0	NA	NA	1.23839009287926	20	25	0	0	NA	NA	NA	NA	NA	NA	NA
"MTQ"	"Martinique"	0	-2.09090909090909	-1.27272727272727	-6.9767441860465	5.45454545454545	10	4.33526011560694	-40	NA	-2.75315605694334	NA	NA	NA	NA	NA
"MUS"	"Mauritius"	-0.9561	0	0	-70.3703703703704	8.61204013377926	10.2040816326531	6.66666666666667	-24.6376811594203	NA	8.73015873015873	5	0.00540680145907771	0.11402607	5.0249043563	57
"MWI"	"Malawi"	-0.9251	0.0844024307900066	0	18.75	32.7010419449639	25.511811023622	72.887323943662	23.9552409225851	NA	1.42640351536684	95	0.134362894379519	0	4.6170038562	37
"MYS"	"Malaysia"	-0.5257	0	0	18.1818181818182	21.2940422805894	-11.2209367628889	41.2417309812569	-18.5034664116663	6.05	0.642180558212541	5	-0.725517296029352	0.53997281	5.4731737203	49
"MYT"	"Mayotte"	-1.2308	-14.4385026737968	NA	NA	36.9127516778523	35.6435643564356	41.6666666666667	30.2752293577982	NA	0.782133538862212	NA	NA	NA	NA	NA
"NAM"	"Namibia"	-0.9238	0.00606582634752332	0	0	20.4113924050633	10.4524180967239	41.2052117263844	0.537634408602151	3.63	0	55	0.0728759898111607	1.57100585	4.8740622247	48
"NCL"	"New Caledonia"	0	0.0538213132400431	0.269106566200215	-20	18.3962264150943	24.4186046511628	15.2	-1.2987012987013	NA	-1.97274018758111	NA	0.0251601997090852	0	NA	NA
"NER"	"Niger"	-0.9337	0.0315706393054459	4.56353591160221	46.6666666666667	42.0252700970518	40.4478427089022	50.1131221719457	37.3091297383876	NA	-12.7964250191371	95	-0.0971980305587167	-3.08903041	2.7109699854	33
"NFK"	"Norfolk Island"	0	NA	0	0	NA	NA	NA	NA	NA	0	NA	NA	NA	NA	NA
"NGA"	"Nigeria"	-3.1179	0.595386297454994	-2.38154518981998	0	28.0817210908003	11.8465281782253	50.0370814079525	-4.2010064911385	0.23	0.728985410421629	74	0.0293782269863283	0	6.9794174364	27
"NIC"	"Nicaragua"	-1.8353	-0.0307692307692307	0.561538461538465	12.5	14.0717382735514	7.53156290814105	19.4814548073461	-21.1827007943513	-9.21	0.603254299771365	54	-0.163498241955562	1.55082517	3.4373214833	29
"NIU"	"Niue"	-0.5102	0.76923076923077	0	0	-50	0	0	-100	NA	0	5	NA	NA	NA	NA
"NLD"	"Netherlands"	0.1389	20.9992776306285	-0.402118950156513	0	4.72798335749858	-22.6358695652174	12.9935155544611	-23.0188679245283	18.21	11.4376937654203	5	0.0076076336888267	0	1.7423067324	84
"NOR"	"Norway"	0.8214	1.06856084002471	1.52872143298332	-8.42105263157894	8.72856824760632	-6.42458100558659	13.4913666959321	-19.7368421052632	-4.56	11.9883117115045	NA	0.0279220738450422	0.60185627	1.8027786383	85
"NPL"	"Nepal"	-0.6769	15.8921049055578	0.2106264438103	13.2	22.7777550100406	15.4239454622923	70.2471772963076	22.4420700874994	-1.08	-0.154474771176893	82	0.0191418941881188	-5.7e-07	4.5412039814	27
"NRU"	"Nauru"	0	0	NA	NA	0	NA	0	-33.3333333333333	NA	NA	5	NA	NA	NA	NA
"NZL"	"New Zealand"	0.0036	0.0784430914048784	-11.2995405476075	48.2758620689655	13.2192846034215	9.04159132007233	13.9183055975794	-0.884955752212389	-16.27	0	5	1.37684130866389	0.52864645	2.5762163263	90
"OMN"	"Oman"	0	0.0252019386106624	2.32827140549273	-32.1428571428572	22.8798586572438	16.4596273291925	25.4320987654321	-1.34969325153374	NA	0	5	0.00201641674050031	4.8639678	5.2916835371	47
"PAK"	"Pakistan"	-2.0274	0.243687978897124	0	45.1807228915663	20.1152765668895	15.1607662137409	30.1094128455692	8.3383226974693	-1.87	-1.1720362788779	64	0.00112080908393044	2.57343915	4.9864418382	27
"PAN"	"Panama"	-0.3503	0.503177966101695	0	21.6666666666667	18.978349120433	-12.3639960435213	35.2699228791774	-8.06451612903226	-18.7	-9.95329504585335	18	0.24061029880408	1.95706405	6.6091320822	38
"PCN"	"Pitcairn"	0	NA	NA	NA	NA	NA	NA	NA	NA	NA	NA	NA	NA	NA	NA
"PER"	"Peru"	-0.1764	0.182848072703506	0.0778076905121292	13.0434782608696	12.431366483644	-3.74354561101549	18.4012705134992	-5.18579011841568	-4.36	0.710190413605204	36	0.0012782250629948	0.67514266	5.9779208025	38
"PHL"	"Philippines"	0.77	1.5	0	0	20.6325184322856	18.5157551791887	22.9266057518665	2.43446920052425	-3.66	-3.88086819660819	50	0.0109455434897681	4.2105223	5.2148301897	34
"PLW"	"Palau"	0.1809	0	0	NA	5.26315789473684	-50	30.7692307692308	0	NA	NA	5	NA	0	-0.1092430631	NA
"PNG"	"Papua New Guinea"	-0.4669	0.172845907873131	0.0216057384841414	-11.1111111111111	27.4958170663692	28.4857571214393	20.9859154929577	18.5969084423306	NA	-15.2757328401888	73	4.50133337961976	0	3.5196696015	25
"POL"	"Poland"	0.3069	33.685119447376	-2.55524641018261	18.1818181818182	-0.0652707430421388	1.90943807965085	-1.29447100131139	-22.1733149931224	-0.37	5.72672917220168	5	0.0478166934428676	0.23182668	4.328674548	58
"PRI"	"Puerto Rico"	1.8966	NA	NA	25.7861635220126	-1.70424750917672	-77.4509803921569	2.57617728531856	-49.0909090909091	NA	NA	NA	NA	0.26490298	0.5211435234	63
"PRK"	"Korea, Democratic People's Republic of"	-1.8275	0.0414800066368011	0	0	6.342273084651	4.24020662935859	7.77826790177915	-17.6325344952796	-7.49	1.38437204204034	91	NA	-12.87094404	NA	8
"PRT"	"Portugal"	0.1053	-0.618758141554493	4.30959617889709	5.40540540540541	3.28947368421053	-10.9908762995969	15.2409745687355	-26.4607118871726	-6.82	0.679018737726008	5	0.157957032857331	0	1.0754021422	63
"PRY"	"Paraguay"	-0.9221	0	-0.528580208973572	22.9166666666667	20.7896706586826	4.10557184750733	34.2238755495435	3.1533939070016	11.34	4.06774193336521	49	0.0820070655373139	3.40136054	3.2017479687	25
"PSE"	"Palestinian Territory, Occupied"	0.0991	NA	NA	83.3333333333333	26.2582056892779	16.3879598662207	30.1042571676803	-15.2631578947368	NA	NA	NA	NA	0	-2.8139163295	NA
"PYF"	"French Polynesia"	4.7619	0.5	0	-38.4615384615385	13.8655462184874	15.929203539823	12.0967741935484	-10.9756097560976	NA	-18.4604024367731	NA	-0.0475205031619473	0	NA	NA
"QAT"	"Qatar"	0	-0.0909090909090909	0	-22.7272727272727	197.631133671743	143.333333333333	200.356506238859	62.5	NA	0	5	NA	0	13.8132307451	68
"REU"	"Reunion"	0.1149	11.6334661354582	0.916334661354581	10.9090909090909	14.4790257104195	-32	19.7289156626506	-45.8333333333333	NA	0	NA	NA	NA	NA	NA
"ROU"	"Romania"	0.3252	28.9106086664709	1.88346826628634	-14.2857142857143	-3.18132660418169	-12.3693546840541	4.96471988438324	-41.5314730694354	8.53	-3.50971074663873	17	-0.771256190997874	1.33146579	4.332451713	44
"RUS"	"Russian Federation"	-0.0022	3.72207899760443	0.0629304536607274	-23.0769230769231	-2.58929666525845	-1.92017590959065	-2.8324059193475	-25.5786887365835	-27.3	-10.838090048613	5	-1.70262540508856	0	5.8328074184	28
"RWA"	"Rwanda"	2.6453	0	-2.65755504935459	59.0909090909091	31.1928871326253	23.456966919662	79.6412556053812	29.0822569680489	NA	-12.1022713122556	95	-0.600701033520026	0	8.8657007305	53
"SAU"	"Saudi Arabia"	0	0.281	0	0	36.93190321776	21.7821782178218	40.7472197925778	-30.9324124321658	NA	0	5	0.00106313918562917	-6.38327256	3.7924748883	44
"SDN"	"Sudan"	-0.0769	7.25952885494112	0.798943255873347	10.7142857142857	27.3897273897274	14.5831503118686	52.9288153401629	7.76950780312125	-1.62	1.1530553647677	79	0.10999403599614	0	6.9520297833	13
"SEN"	"Senegal"	-0.4776	15.2501016673444	-0.254168361122407	2.94117647058822	30.8015989901115	26.3269264679951	37.3924380704042	25.0214715144575	-1.67	0.761777734572348	51	0.0308415797368047	1.93799198	4.3867856637	36
"SGP"	"Singapore"	0	-0.143061516452074	NA	58.8235294117647	29.7780045930084	NA	29.7780045930084	-50	0	NA	5	-0.00683754734096871	0	6.5666644009	87
"SHN"	"Saint Helena, Ascension and Tristan da Cunha"	0	NA	0	NA	-20	-33.3333333333333	0	-33.3333333333333	NA	NA	NA	NA	NA	NA	NA
"SJM"	"Svalbard and Jan Mayen"	0	NA	NA	NA	NA	NA	NA	NA	NA	NA	NA	NA	NA	NA	NA
"SLB"	"Solomon Islands"	-0.2425	0.346020761245675	0.0346020761245674	-5.88235294117648	31.5403422982885	26.9565217391304	56.25	24.2320819112628	NA	-11.5055209208822	90	NA	0	1.9483583375	NA
"SLE"	"Sierra Leone"	-0.6708	0.209088374686368	0	114.285714285714	41.6364952932658	35.2919161676647	53.1611148878314	30.8320950965825	NA	0.0884761724051089	95	4.13947352225882	0.63092048	7.1122673501	31
"SLV"	"El Salvador"	-1.3554	17.6967680608365	11.7395437262357	17.1428571428571	4.25925925925926	-9.42236788201557	13.7714285714286	-14.6842105263158	-13.95	-0.782070473542205	22	0.147313662070921	9.00609124	2.1007910516	38
"SMR"	"San Marino"	0	NA	NA	NA	18.5185185185185	0	20	0	NA	NA	5	NA	0	3.510437448	NA
"SOM"	"Somalia"	-1.022	0.00784116927516231	0	-8.33333333333333	26.1116367076632	18.1818181818182	42.0325203252033	17.9383429672447	NA	0.369816842788865	95	NA	0	NA	8
"SPM"	"Saint Pierre and Miquelon"	-0.9375	NA	NA	0	0	0	-16.6666666666667	NA	NA	NA	NA	NA	NA	NA	NA
"SRB"	"Serbia"	1.0285	NA	NA	NA	NA	NA	NA	NA	-47.99	NA	32	NA	0.09528406	4.2023578717	39
"STP"	"Sao Tome and Principe"	0	-3.125	0	25	17.0212765957447	-6.06060606060606	37.3333333333333	7.95454545454545	NA	1.15197544612816	71	-0.984636138477462	0	4.9515725654	42
"SUR"	"Suriname"	-0.0122	-0.0244992956452502	-0.0244992956452502	-40	12.4197002141328	-1.82926829268293	20.1320132013201	0	NA	-2.92402771964681	12	0.140970216074152	0.31949099	4.8743369355	37
"SVK"	"Slovakia"	0.0625	26.3104221904956	-5.47827860493576	-11.1111111111111	1.05457909343201	3.97295012679628	-1.21750575847318	-21.9758064516129	231.56	0.817336778182257	5	-0.179991882690204	0.01148831	4.909789856	46
"SVN"	"Slovenia"	0.1622	7.00542673902319	-0.197335964479526	7.69230769230769	2.26700251889169	4.80572597137014	-0.297619047619048	-65.7894736842105	-8.84	13.8701193321403	5	0.340735048200891	0	3.1313871408	61
"SWE"	"Sweden"	0.2972	0.013324746274623	0.0088831641830821	-5.66037735849057	5.86907449209932	1.5547703180212	6.68905305574211	-23.8853503184713	11.81	-1.14894995033105	5	0.00157745333290707	-4.00884849	2.6009172435	88
"SWZ"	"Swaziland"	0.8687	0.11520737327189	0	6.25000000000001	11.4661654135338	13.3657351154313	5.39419087136929	-9.28381962864722	NA	3.47161298410174	55	NA	0	2.4599923667	37
"SYC"	"Seychelles"	0	-2.17391304347826	NA	-42.1052631578947	10.126582278481	0	20	3.2258064516129	NA	-9.39275818344057	5	-0.0463619811458053	0.07423921	2.6481740486	52
"SYR"	"Syrian Arab Republic"	1.3657	21.5088022464629	-0.793822227022353	0	27.6565138532741	17.5842769751399	36.9732723332531	7.08661417322835	118.08	9.83072628989734	5	0.00557528586915819	-0.51144369	5.1897341234	26
"TCA"	"Turks and Caicos Islands"	0	NA	NA	NA	100	0	125	100	NA	0	NA	-0.019560303086808	0	NA	NA
"TCD"	"Chad"	-0.643	0.00155763239875389	0	25	36.5482850887862	28.984126984127	61.3943808532778	18.9607874778118	NA	1.73240312188184	88	NA	0	9.2004330465	19
"TGO"	"Togo"	-4.0947	1.40869871456242	0	0	25.7405089695453	12.0276043378245	49.571673329526	12.5874125874126	0.12	1.65458847653873	94	NA	-5.67051614	2.0771792164	30
"THA"	"Thailand"	-0.0168	2.18272528843156	0	21.875	9.44818304172274	4.96941544405096	19.3553307234735	-8.10915675116399	0.55	-7.71680628383542	26	0.00385377093119096	0	4.8143921811	37
"TJK"	"Tajikistan"	0	0.196422307962118	1.31883549631708	69.5652173913043	11.4369026405313	11.6791538122521	10.7033639143731	-9.88066825775656	0	NA	34	NA	0	9.0839651703	22
"TKL"	"Tokelau"	0	NA	NA	NA	-50	-50	NA	-100	NA	NA	NA	NA	NA	NA	NA
"TKM"	"Turkmenistan"	0	0	0	75	12.019551210842	4.34426229508197	21.0475266731329	-0.465425531914894	0	0	5	NA	0	8.2765346603	17
"TLS"	"Timor-Leste"	-1.3115	-0.47074646940148	0	9.23076923076922	35.421686746988	28.4578696343402	57.2139303482587	32.7893175074184	NA	0	92	NA	0	5.6178315202	33
"TON"	"Tonga"	0	0	0	-5.26315789473685	6.12244897959184	6.66666666666667	4.34782608695652	-17.6470588235294	NA	-7.94802681595134	43	0.360149127015357	0	1.6689193593	NA
"TTO"	"Trinidad and Tobago"	-0.3082	-0.584795321637428	0	33.9622641509434	3.79256965944272	0.260416666666667	32.8571428571429	-20	0	7.46926390784532	5	0.0108362295861407	0	6.2838447703	39
"TUN"	"Tunisia"	2.0191	13.391601980319	1.77861988875985	-12.5	10.8396785109983	-0.838635049161365	17.5725241747249	-4.39414114513981	-0.36	0.19054431331358	5	0.0036404434039173	1.05917489	4.9474890362	41
"TUR"	"Turkey"	1.1709	22.4526519985706	0.659809076522539	0	14.339598918715	-1.57789168709606	23.0087636248877	-14.1484249866524	-27.22	-10.7709444731	5	-0.00543746382057114	0.50718838	4.5525812516	49
"TUV"	"Tuvalu"	0	-6.66666666666666	NA	NA	11.1111111111111	0	25	0	NA	NA	19	NA	0	1.0010704993	NA
"TZA"	"Tanzania, United Republic of"	-1.0768	0.316689538688905	0	6.12244897959184	31.738057465186	24.8288901493666	55.7808796418225	23.3333333333333	0.09	0.816129375085126	94	-0.231389362092344	9.52903075	7.4782318832	35
"UGA"	"Uganda"	-2.2771	0.414868901427148	0	14.5833333333333	38.0456779416016	36.1377301766253	51.9316239316239	28.2997178388546	NA	-0.839858832349705	95	NA	0	7.7758377529	29
"UKR"	"Ukraine"	0.205	51.3246624140502	-0.0281666804738609	-53.8461538461539	-7.04409719381494	-11.6852393699807	-4.77031802120141	-33.0593372720267	119.92	12.1657614023529	5	0.403466998542154	0.12340787	4.8849518982	26
"URY"	"Uruguay"	2.3513	7.46793780501646	-3.62614913176712	18.8405797101449	1.50647785477553	-12.1527777777778	2.77136258660508	-8.71934604904632	70.87	-27.9628154766596	5	-2.22772505409001	0	2.7406326714	72
"USA"	"United States"	0.1275	-0.0103820166859772	1.26338761051657	-4.16666666666666	9.87199818758496	-6.92702249758773	14.3136561589451	-18.0124223602484	5.19	2.63638223030381	NA	-0.0802661152934879	6.06979235	1.9492872309	73
"UZB"	"Uzbekistan"	0.1977	0.0111756817165846	-1.11756817165848	68.4210526315789	10.7725217952858	12.8693071861695	7.27919767065675	-14.1981613891726	-40	-9.7116493656286	11	NA	0	7.3312378973	17
"VAT"	"Holy See (Vatican City State)"	0	NA	NA	NA	NA	NA	NA	NA	NA	NA	NA	NA	NA	NA	NA
"VCT"	"Saint Vincent and the Grenadines"	0.2692	0	0	-13.3333333333333	0.925925925925926	-6.77966101694915	10.2040816326531	-12	NA	0	5	NA	0.97093451	2.7853439641	62
"VEN"	"Venezuela, Bolivarian Republic of"	-0.5851	-0.164464667507264	0	14.0845070422535	19.0241498275012	-21.7709179528838	23.6132687562826	-22.2270363951473	-28.05	-1.75660799723312	5	-0.00150819128476135	0	3.5021110965	19
"VGB"	"Virgin Islands, British"	-0.0817	0	0	0	15	16.6666666666667	25	0	NA	0	NA	NA	NA	NA	NA
"VIR"	"Virgin Islands, U.S."	-0.7668	0	-5.77533930118394	79.8245614035088	0	-37.5	2.97029702970297	-13.0434782608696	NA	NA	NA	NA	0	NA	NA
"VNM"	"Viet Nam"	1.7672	24.7297461435686	0.133608648123406	1.25	11.5416846542573	2.83999192897498	38.3749870372291	4.59952119738355	-4.22	-10.2078553335397	56	-0.0535610139374732	2.73944026	7.9674929958	31
"VUT"	"Vanuatu"	0	0.983606557377049	0	7.49999999999999	29.7297297297297	22.7586206896552	52.5	7.35294117647059	NA	7.00493938033227	84	-0.0631252240865573	0	3.5131558414	NA
"WLF"	"Wallis and Futuna"	0.0515	0	NA	0	0	0	NA	-20	NA	NA	NA	NA	NA	NA	NA
"WSM"	"Samoa"	0	-3.16901408450704	0.704225352112676	48.2758620689655	3.38983050847458	5.79710144927536	-5.12820512820513	-18.0327868852459	NA	12.8343274677151	53	NA	0	3.5079539796	NA
"YEM"	"Yemen"	0	2.53234085269996	0.0340928461844356	40	35.7163008520002	25.5203550658096	64.3394199785177	10.0082420817144	0	0	33	0	0	4.8969341491	23
"ZAF"	"South Africa"	0	10.1780836525605	0.0164056796462972	0	12.0040214477212	-0.497512437810945	21.4773798303487	-20.9482341557813	-0.56	2.63493586844804	15	-0.136271526979464	-14.77832568	3.9547895093	43
"ZMB"	"Zambia"	-0.3258	0.00398612827360784	0.465048298587583	8.33333333333334	28.2983728680651	26.5373628025861	31.6338028169014	17.368495675599	-0.84	-6.04326182154165	83	0.00319231111053997	0	5.9810249605	37
"ZWE"	"Zimbabwe"	-1.7307	0	1.89374552154775	-24.390243902439	0.495643136941402	-6.33522384457584	13.8763911910964	-10.0279613624809	-0.74	5.14108553293072	66	0.0136907894004018	0	-5.1783482267	20
