"ISO3"	"FAOSTATCODE"	"COUNTRY"	"CROPAREA.2000"	"MEADOWAREA.2000"	"CROPAREA.2010"	"MEADOWAREA.2010"	"AREATOT"	"CROPAREA.00.rel"	"MEADOWAREA.00.rel"	"CROPAREA.10.rel"	"MEADOWAREA.10.rel"	"CROPAREADIF.00.10"	"MEADOWAREADIF.00.10"
"ABW"	22	"Aruba"	NA	NA	NA	NA	18	NA	NA	NA	NA	NA	NA
"AFG"	2	"Afghanistan"	70	30000	3599	30000	65209	0.107347145332699	46.0059194282998	5.51917680074836	46.0059194282998	5.41182965541566	0
"AGO"	7	"Angola"	300	54000	290	54000	124670	0.240635277131627	43.3143498836929	0.23261410122724	43.3143498836929	-0.00802117590438756	0
"AIA"	258	"Anguilla"	NA	NA	NA	NA	9.1	NA	NA	NA	NA	NA	NA
"ALB"	3	"Albania"	121	445	272	707.3	2875	4.20869565217391	15.4782608695652	9.46086956521739	24.6017391304348	5.25217391304348	9.12347826086956
"AND"	6	"Andorra"	NA	16.5	2	17.6	45	NA	36.6666666666667	4.44444444444444	39.1111111111111	NA	2.44444444444445
"ANT"	151	"Netherlands Antilles"	NA	NA	NA	NA	80	NA	NA	NA	NA	NA	NA
"ARE"	225	"United Arab Emirates"	187	305	76	305	8360	2.23684210526316	3.64832535885167	0.909090909090909	3.64832535885167	-1.32775119617225	0
"ARG"	9	"Argentina"	1000	99870	30817	112900	278040	0.359660480506402	35.9192921881744	11.0836570277658	40.6056682491728	10.7239965472594	4.68637606099842
"ARM"	1	"Armenia"	38	835	357.8	1231.4	2980	1.2751677852349	28.0201342281879	12.006711409396	41.3221476510067	10.7315436241611	13.3020134228188
"ASM"	5	"American Samoa"	2.3	NA	1.9	NA	20	11.5	NA	9.5	NA	-2	NA
"ATG"	8	"Antigua and Barbuda"	1	4	1	4	44	2.27272727272727	9.09090909090909	2.27272727272727	9.09090909090909	0	0
"AUS"	10	"Australia"	296	407900	26368	355612	774120	0.0382369658450886	52.6920890817961	3.40619025474087	45.9375807368367	3.36795328889578	-6.75450834495943
"AUT"	11	"Austria"	71	1920	1333	1790	8387	0.846548229402647	22.8925718373674	15.8936449266722	21.3425539525456	15.0470966972696	-1.55001788482175
"AZE"	52	"Azerbaijan"	236.8	2678	2070.1	2655.3	8660.1	2.73437951062921	30.9234304453759	23.9038810175402	30.6613087608688	21.169501506911	-0.262121684507107
"BDI"	29	"Burundi"	360	950	400	900	2783	12.9356809198706	34.1358246496586	14.3729787998563	32.3392022996766	1.43729787998563	-1.79662234998204
"BEL"	255	"Belgium"	21	507	769	579	3052.8	0.687893081761006	16.6077044025157	25.1899895178197	18.9661949685535	24.5020964360587	2.35849056603773
"BEN"	53	"Benin"	265	550	300	550	11262	2.353045640206	4.88367963061623	2.6638252530634	4.88367963061623	0.310779612857396	0
"BFA"	233	"Burkina Faso"	60	6000	65	6000	27400	0.218978102189781	21.8978102189781	0.237226277372263	21.8978102189781	0.0182481751824817	0
"BGD"	16	"Bangladesh"	450	600	900	600	14400	3.125	4.16666666666667	6.25	4.16666666666667	3.125	0
"BGR"	27	"Bulgaria"	252	1804	3053	1791	11100	2.27027027027027	16.2522522522523	27.5045045045045	16.1351351351351	25.2342342342342	-0.117117117117118
"BHR"	13	"Bahrain"	3.2	4	3	4	71	4.50704225352113	5.63380281690141	4.22535211267606	5.63380281690141	-0.281690140845071	0
"BHS"	12	"Bahamas"	4	2	4	2	1387.7	0.288246739208763	0.144123369604381	0.288246739208763	0.144123369604381	0	0
"BIH"	80	"Bosnia and Herzegovina"	100	1030	617	1035	5121	1.95274360476469	20.1132591290764	12.0484280413982	20.2108963093146	10.0956844366335	0.0976371802382374
"BLR"	57	"Belarus"	124	2995	122	3241	20760	0.597302504816956	14.4267822736031	0.58766859344894	15.611753371869	-0.00963391136801539	1.18497109826589
"BLZ"	23	"Belize"	35	50	32	50	2297	1.52372659991293	2.1767522855899	1.39312146277754	2.1767522855899	-0.130605137135394	0
"BOL"	19	"Bolivia (Plurinational State of)"	168	33831	219	33000	109858	0.152924684592838	30.7952083598828	0.199348249558521	30.038777330736	0.046423564965683	-0.756431029146718
"BRA"	21	"Brazil"	7423.6	196206	7100	196000	851487	0.871839499604809	23.0427475698396	0.833835396195127	23.0185545991894	-0.0380041034096822	-0.0241929706501693
"BRB"	14	"Barbados"	1	2	1	2	43	2.32558139534884	4.65116279069767	2.32558139534884	4.65116279069767	0	0
"BRN"	26	"Brunei Darussalam"	4	4	5	3.4	577	0.693240901213172	0.693240901213172	0.866551126516464	0.589254766031196	0.173310225303293	-0.103986135181976
"BTN"	18	"Bhutan"	19	405	17.3	407	4700	0.404255319148936	8.61702127659574	0.368085106382979	8.65957446808511	-0.0361702127659574	0.0425531914893611
"BWA"	20	"Botswana"	1	25600	245	25600	58173	0.0017190105375346	44.0066697608856	0.421157581695976	44.0066697608856	0.419438571158441	0
"CAF"	37	"Central African Republic"	94	3125	80	3200	62300	0.150882825040128	5.01605136436597	0.128410914927769	5.13643659711075	-0.0224719101123596	0.120385232744783
"CAN"	33	"Canada"	6368	15435	5021	14850.6	998467	0.637777713234388	1.54586981843166	0.502870901091373	1.48734009236159	-0.134906812143015	-0.0585297260700652
"CHE"	211	"Switzerland"	24	1095	294.4	1226.8	4128	0.581395348837209	26.5261627906977	7.13178294573643	29.718992248062	6.55038759689922	3.19282945736434
"CHL"	40	"Chile"	360	13000	457	14015	75663	0.475793981206138	17.1814493213327	0.603994026142236	18.5229240183445	0.128200044936098	1.34147469701175
"CHN"	351	"China"	11231	392834	14616	392833.7	960000	1.16989583333333	40.9202083333333	1.5225	40.9201770833333	0.352604166666667	-3.1249999999261e-05
"CIV"	107	"Côte d'Ivoire"	3800	13000	4400	13200	32246	11.7844073683558	40.3150778391118	13.6451032686225	40.9353098058674	1.8606959002667	0.620231966755561
"CMR"	32	"Cameroon"	1200	2000	1400	2000	47544	2.52397778899546	4.20662964832576	2.94464075382803	4.20662964832576	0.420662964832576	0
"COD"	250	"Democratic Republic of the Congo"	800	18100	760	18200	234486	0.341171754390454	7.71901094308402	0.324113166670931	7.76165741238283	-0.0170585877195227	0.0426464692988073
"COG"	46	"Congo"	50	10000	60	10000	34200	0.146198830409357	29.2397660818713	0.175438596491228	29.2397660818713	0.0292397660818713	0
"COK"	47	"Cook Islands"	3	NA	1	NA	24	12.5	NA	4.16666666666667	NA	-8.33333333333333	NA
"COL"	44	"Colombia"	1727	40314	3241	39150	114175	1.51259032187432	35.3089555506897	2.83862491788921	34.2894679220495	1.32603459601489	-1.01948762864024
"COM"	45	"Comoros"	50	15	58	15	186	26.8817204301075	8.06451612903226	31.1827956989247	8.06451612903226	4.30107526881721	0
"CPV"	35	"Cape Verde"	2	25	3	25	403	0.496277915632754	6.20347394540943	0.744416873449132	6.20347394540943	0.248138957816377	0
"CRI"	48	"Costa Rica"	280	1350	330	1300	5110	5.47945205479452	26.4187866927593	6.45792563600783	25.440313111546	0.978473581213307	-0.978473581213308
"CUB"	49	"Cuba"	550	2500	390	2630	11086	4.96121233988815	22.5509651813098	3.51795056828432	23.7236153707379	-1.44326177160382	1.17265018942811
"CYM"	36	"Cayman Islands"	0.5	2	0.5	2	26	1.92307692307692	7.69230769230769	1.92307692307692	7.69230769230769	0	0
"CYP"	50	"Cyprus"	42	2	102.5	2	925.15	4.53980435605037	0.216181159811922	11.079284440361	0.216181159811922	6.53948008431065	0
"CZE"	167	"Czech Republic"	76	961	77	986	7887	0.96361100545201	12.1846075820971	0.97629009762901	12.5015848865221	0.0126790921770001	0.316977304425002
"DEU"	79	"Germany"	216	5048	9222	7226	35705	0.604957288895113	14.1380758997339	25.8283153619941	20.238061896093	25.223358073099	6.09998599635905
"DJI"	72	"Djibouti"	NA	1600	NA	1700	2319.6	NA	68.9774098982583	NA	73.2884980168995	NA	4.31108811864114
"DMA"	55	"Dominica"	14	2	18	2	75	18.6666666666667	2.66666666666667	24	2.66666666666667	5.33333333333333	0
"DNK"	54	"Denmark"	8	358	1829	762	4310	0.185614849187935	8.30626450116009	42.4361948955916	17.6798143851508	42.2505800464037	9.37354988399072
"DOM"	56	"Dominican Republic"	450	1197	450	1197	4874	9.23266311038162	24.5588838736151	9.23266311038162	24.5588838736151	0	0
"DZA"	4	"Algeria"	530	31829	5134	32963	238174	0.22252638827076	13.363759268434	2.15556693845676	13.8398817671114	1.933040550186	0.476122498677437
"ECU"	58	"Ecuador"	1363	5087	2383.8	4919.9	28356	4.8067428410213	17.9397658343913	8.40668641557342	17.350472563126	3.59994357455212	-0.58929327126534
"EGY"	59	"Egypt"	490	NA	798	NA	100145	0.489290528733337	NA	0.79684457536572	NA	0.307554046632383	NA
"ERI"	178	"Eritrea"	3	6967	2	6900	11760	0.0255102040816327	59.2431972789116	0.0170068027210884	58.6734693877551	-0.00850340136054422	-0.569727891156461
"ESP"	203	"Spain"	4904	11462	12370	11365	50537	9.70378138789402	22.680412371134	24.4771157765597	22.4884737914795	14.7733343886657	-0.191938579654511
"EST"	63	"Estonia"	12	131	411	496	4523	0.265310634534601	2.89630776033606	9.08688923281008	10.9661728940968	8.82157859827548	8.06986513376078
"ETH"	238	"Ethiopia"	662	20000	12954	21396	110430	0.599474780403876	18.1110205560083	11.7305080141266	19.3751697908177	11.1310332337227	1.26414923480938
"FIN"	67	"Finland"	9	26	1292	692	33842	0.0265941729212221	0.0768276106613084	3.81774126824656	2.04479640683175	3.79114709532534	1.96796879617044
"FJI"	66	"Fiji"	83	175	85	175	1827	4.54296661193213	9.57854406130268	4.65243568691845	9.57854406130268	0.109469074986317	0
"FLK"	65	"Falkland Islands (Malvinas)"	NA	1130	NA	1143.5	1217	NA	92.8512736236648	NA	93.9605587510271	NA	1.10928512736236
"FRA"	68	"France"	1142	10124	15522	12980	55150	2.07071622846781	18.3572076155938	28.1450589301904	23.5358114233908	26.0743427017226	5.17860380779691
"FRO"	64	"Faroe Islands"	NA	NA	NA	NA	140	NA	NA	NA	NA	NA	NA
"FSM"	145	"Micronesia (Federated States of)"	17	3	17	3	70	24.2857142857143	4.28571428571429	24.2857142857143	4.28571428571429	0	0
"GAB"	74	"Gabon"	170	4665	170	4665	26767	0.635110397130795	17.4281764859715	0.635110397130795	17.4281764859715	0	0
"GBR"	229	"United Kingdom"	52	11036	4610	12440	24417	0.212966375885653	45.1980177745014	18.8802883237089	50.948109923414	18.6673219478232	5.75009214891265
"GEO"	73	"Georgia"	269	1938	390	1948.5	6970	3.85939741750359	27.8048780487805	5.59540889526542	27.9555236728838	1.73601147776184	0.150645624103294
"GHA"	81	"Ghana"	2150	8330	2800	8300	23854	9.01316341074872	34.920768005366	11.7380732791146	34.7950029345183	2.72490986836589	-0.125765070847656
"GIB"	82	"Gibraltar"	NA	NA	NA	NA	1	NA	NA	NA	NA	NA	NA
"GIN"	90	"Guinea"	640	10700	690	10700	24586	2.60310745952981	43.5207028390141	2.80647522980558	43.5207028390141	0.203367770275767	0
"GLP"	87	"Guadeloupe"	6	24	3.7	19.1	163	3.68098159509202	14.7239263803681	2.26993865030675	11.7177914110429	-1.41104294478528	-3.00613496932515
"GMB"	75	"Gambia"	5	267	5	160	1130	0.442477876106195	23.6283185840708	0.442477876106195	14.1592920353982	0	-9.46902654867257
"GNB"	175	"Guinea-Bissau"	248	1080	250	1080	3612	6.86600221483942	29.9003322259136	6.92137320044297	29.9003322259136	0.0553709856035436	0
"GNQ"	61	"Equatorial Guinea"	100	104	70	104	2805	3.5650623885918	3.70766488413547	2.49554367201426	3.70766488413547	-1.06951871657754	0
"GRC"	84	"Greece"	1113	4675	1152	4500	13196	8.43437405274326	35.427402243104	8.72991815701728	34.1012428008487	0.295544104274022	-1.32615944225523
"GRD"	86	"Grenada"	10	1	7	1	34	29.4117647058824	2.94117647058824	20.5882352941176	2.94117647058824	-8.82352941176471	0
"GRL"	85	"Greenland"	NA	235	NA	235	41045	NA	0.572542331587282	NA	0.572542331587282	NA	0
"GTM"	89	"Guatemala"	570	2500	945	1950	10889	5.23464046285242	22.9589493984755	8.67848287262375	17.9079805308109	3.44384240977133	-5.05096886766461
"GUF"	69	"French Guiana"	4	7	4	7.5	8396	0.0476417341591234	0.0833730347784659	0.0476417341591234	0.0893282515483564	0	0.00595521676989043
"GUY"	91	"Guyana"	28	1230	27	1230	21497	0.130250732660371	5.72172861329488	0.125598920779644	5.72172861329488	-0.00465181188072755	0
"HND"	95	"Honduras"	359	1508	440	1760	11209	3.20278347756267	13.4534748862521	3.92541707556428	15.7016683022571	0.722633598001606	2.248193416005
"HRV"	98	"Croatia"	198	258	936.4	385.4	5654	3.50194552529183	4.56314113901663	16.5617262115317	6.81641315882561	13.0597806862398	2.25327201980898
"HTI"	93	"Haiti"	300	490	280	490	2775	10.8108108108108	17.6576576576577	10.0900900900901	17.6576576576577	-0.72072072072072	0
"HUN"	97	"Hungary"	201	1051	4322.3	780.4	9303	2.16059335698162	11.2974309362571	46.46135655165	8.38869181984306	44.3007631946684	-2.90873911641406
"IDN"	101	"Indonesia"	14000	11177	20000	11000	190457	7.35074058711415	5.86851625301249	10.5010579815916	5.77558188987541	3.15031739447749	-0.0929343631370854
"IND"	100	"India"	9200	10656	12100	10149	328726	2.7986834019822	3.24160547081764	3.6808770830418	3.08737367899101	0.882193681059606	-0.154231791826627
"IRL"	104	"Ireland"	2	3333	354	4214	7026	0.0284656988329063	47.4380871050384	5.03842869342442	59.9772274409337	5.00996299459152	12.5391403358952
"IRN"	102	"Iran (Islamic Republic of)"	1360	46600	14815	29524	174515	0.779302638741655	26.7025757098244	8.48924161246884	16.9177434604475	7.70993897372719	-9.78483224937685
"IRQ"	103	"Iraq"	200	4000	210	4000	43832	0.456287643730608	9.12575287461216	0.479102025917138	9.12575287461216	0.0228143821865303	0
"ISL"	99	"Iceland"	NA	1760	8	1582	10300	NA	17.0873786407767	0.0776699029126214	15.3592233009709	NA	-1.72815533980583
"ISR"	105	"Israel"	86	142	293.8	133.6	2207	3.89669234254644	6.43407340280924	13.3121884911645	6.05346624376982	9.41549614861804	-0.38060715903942
"ITA"	106	"Italy"	2805	4353	7130.8	6644	30134	9.30842238003584	14.4454768699808	23.6636357602708	22.0481847746731	14.355213380235	7.60270790469237
"JAM"	109	"Jamaica"	110	229	100	229	1099	10.0090991810737	20.8371246587807	9.09918107370337	20.8371246587807	-0.909918107370338	0
"JOR"	112	"Jordan"	88	791	216.7	742	8878	0.991214237440865	8.90966433881505	2.44086505969813	8.35773822933093	1.44965082225727	-0.551926109484118
"JPN"	110	"Japan"	356	428	3976	617	37791	0.942023233044905	1.13254478579556	10.5210235241195	1.63266386176603	9.57900029107459	0.500119075970469
"KAZ"	108	"Kazakhstan"	136	185098	80	185000	272490	0.0499100884436126	67.9283643436456	0.0293588755550662	67.8923997210907	-0.0205512128885464	-0.0359646225549568
"KEN"	114	"Kenya"	480	21300	650	21300	58037	0.827058600547926	36.7007253993142	1.11997518824198	36.7007253993142	0.292916587694057	0
"KGZ"	113	"Kyrgyzstan"	67	9291	74.2	9261.5	19990	0.335167583791896	46.4782391195598	0.371185592796398	46.3306653326663	0.0360180090045022	-0.147573786893446
"KHM"	115	"Cambodia"	140	930	155	1500	18104	0.773309765797614	5.13698630136986	0.856164383561644	8.28546177640301	0.08285461776403	3.14847547503314
"KIR"	83	"Kiribati"	32	NA	32	NA	81	39.5061728395062	NA	39.5061728395062	NA	0	NA
"KNA"	188	"Saint Kitts and Nevis"	0.5	2	4.6	1.1	26	1.92307692307692	7.69230769230769	17.6923076923077	4.23076923076923	15.7692307692308	-3.46153846153846
"KOR"	117	"Republic of Korea"	200	55	208	58	9926	2.01491033649003	0.554100342534757	2.09550674994963	0.584323997582108	0.0805964134596011	0.0302236550473504
"KWT"	118	"Kuwait"	2	136	5	136	1782	0.112233445566779	7.63187429854097	0.280583613916947	7.63187429854097	0.168350168350168	0
"LAO"	120	"Lao People's Democratic Republic"	81	878	100	878	23680	0.342060810810811	3.70777027027027	0.422297297297297	3.70777027027027	0.0802364864864865	0
"LBN"	121	"Lebanon"	141	325	228	400	1040	13.5576923076923	31.25	21.9230769230769	38.4615384615385	8.36538461538462	7.21153846153847
"LBR"	123	"Liberia"	210	2000	180	2000	11137	1.88560653676933	17.9581574930412	1.61623417437371	17.9581574930412	-0.269372362395618	0
"LBY"	124	"Libya"	335	13300	335	13500	175954	0.190390670288826	7.55879377564591	0.190390670288826	7.67245984746013	0	0.113666071814225
"LCA"	189	"Saint Lucia"	12	2	7	1	62	19.3548387096774	3.2258064516129	11.2903225806452	1.61290322580645	-8.06451612903226	-1.61290322580645
"LIE"	125	"Liechtenstein"	NA	3	NA	3	16	NA	18.75	NA	18.75	NA	0
"LKA"	38	"Sri Lanka"	995	440	980	440	6561	15.1653711324493	6.70629477213839	14.9367474470355	6.70629477213839	-0.22862368541381	0
"LSO"	122	"Lesotho"	4	2000	248	2000	3035	0.131795716639209	65.8978583196046	8.17133443163097	65.8978583196046	8.03953871499176	0
"LTU"	126	"Lithuania"	43	497	1502.6	1150.2	6530	0.658499234303216	7.61102603369066	23.010719754977	17.614088820827	22.3522205206738	10.0030627871363
"LUX"	256	"Luxembourg"	1	65	1.5	67.59	259	0.386100386100386	25.0965250965251	0.579150579150579	26.0965250965251	0.193050193050193	1
"LVA"	119	"Latvia"	12	606	7	625	6459	0.18578727357176	9.3822573153739	0.108375909583527	9.67642049852918	-0.0774113639882335	0.294163183155288
"MAR"	143	"Morocco"	885	21000	1158.7	21000	44655	1.981860933826	47.027208599261	2.59478221923637	47.027208599261	0.612921285410369	0
"MDA"	146	"Republic of Moldova"	335	382	299	353	3384	9.89952718676123	11.2884160756501	8.83569739952719	10.4314420803783	-1.06382978723404	-0.856973995271867
"MDG"	129	"Madagascar"	600	37000	600	37295	58704	1.02207686017989	63.0280730444263	1.02207686017989	63.5305941673481	0	0.502521122921785
"MDV"	132	"Maldives"	5	1	3	1	30	16.6666666666667	3.33333333333333	10	3.33333333333333	-6.66666666666666	0
"MEX"	138	"Mexico"	2300	78400	2675.36	75000	196438	1.17085288997037	39.9108115537727	1.36193608161354	38.1799855425121	0.191083191643165	-1.73082601126055
"MKD"	154	"The former Yugoslav Republic of Macedonia"	44	636	312	670	2571	1.71139634383508	24.7374562427071	12.1353558926488	26.0598988720342	10.4239595488137	1.32244262932711
"MLI"	133	"Mali"	85	34000	5020	35001	124019	0.0685378853240229	27.4151541296092	4.04776687443053	28.2222885203074	3.97922898910651	0.807134390698199
"MLT"	134	"Malta"	1	NA	9.3	NA	32	3.125	NA	29.0625	NA	25.9375	NA
"MMR"	28	"Myanmar"	589	314	11976	309	67658	0.870554849389577	0.464098850099027	17.7007892636495	0.456708741021017	16.83023441426	-0.00739010907800997
"MNE"	273	"Montenegro"	NA	NA	47	451	1381	NA	NA	3.40333091962346	32.6574945691528	NA	NA
"MNG"	141	"Mongolia"	2	129294	2	112971	156650	0.001276731567188	82.5368656240026	0.001276731567188	72.1168209383977	0	-10.4200446856049
"MOZ"	144	"Mozambique"	250	44000	200	44000	79938	0.312742375340889	55.0426580599965	0.250193900272711	55.0426580599965	-0.0625484750681778	0
"MRT"	136	"Mauritania"	12	39250	11	39250	103070	0.0116425730086349	38.08091588241	0.0106723585912487	38.08091588241	-0.000970214417386242	0
"MTQ"	135	"Martinique"	10	12	7.7	10.6	110	9.09090909090909	10.9090909090909	7	9.63636363636364	-2.09090909090909	-1.27272727272727
"MUS"	137	"Mauritius"	4	7	4	7	204	1.96078431372549	3.43137254901961	1.96078431372549	3.43137254901961	0	0
"MWI"	130	"Malawi"	120	1850	130	1850	11848	1.01282916948008	15.6144496961513	1.09723160027009	15.6144496961513	0.0844024307900066	0
"MYS"	131	"Malaysia"	5785	285	5785	285	32974	17.5441256747741	0.864317340935282	17.5441256747741	0.864317340935282	0	0
"MYT"	270	"Mayotte"	12.5	NA	7.1	NA	37.4	33.4224598930481	NA	18.9839572192513	NA	-14.4385026737968	NA
"NAM"	147	"Namibia"	4	38000	9	38000	82429	0.00485266107801866	46.1002802411773	0.010918487425542	46.1002802411773	0.00606582634752332	0
"NCL"	153	"New Caledonia"	4	234	5	239	1858	0.215285252960172	12.5941872981701	0.269106566200215	12.8632938643703	0.0538213132400431	0.269106566200215
"NER"	158	"Niger"	20	23000	60	28782	126700	0.015785319652723	18.1531176006314	0.0473559589581689	22.7166535122336	0.0315706393054459	4.56353591160221
"NFK"	161	"Norfolk Island"	NA	1	NA	1	4	NA	25	NA	25	NA	0
"NGA"	159	"Nigeria"	2650	39200	3200	37000	92377	2.86867943319224	42.4348052004287	3.46406573064724	40.0532600106087	0.595386297454994	-2.38154518981998
"NIC"	157	"Nicaragua"	234	2943	230	3016	13000	1.8	22.6384615384615	1.76923076923077	23.2	-0.0307692307692307	0.561538461538465
"NIU"	160	"Niue"	2.8	1	3	1	26	10.7692307692308	3.84615384615385	11.5384615384615	3.84615384615385	0.76923076923077	0
"NLD"	150	"Netherlands"	34	1012	906.1	995.3	4153	0.8186852877438	24.3679267999037	21.8179629183723	23.9658078497472	20.9992776306285	-0.402118950156513
"NOR"	162	"Norway"	5	158	351	653	32380	0.0154416306361952	0.487955528103768	1.0840024706609	2.01667696108709	1.06856084002471	1.52872143298332
"NPL"	149	"Nepal"	105	1766	2444	1797	14718	0.713412148389727	11.9989128957739	16.6055170539475	12.2095393395842	15.8921049055578	0.2106264438103
"NRU"	148	"Nauru"	0.4	NA	0.4	NA	2	20	NA	20	NA	0	NA
"NZL"	156	"New Zealand"	50	13863	71	10838	26771	0.186769265249711	51.7836464831347	0.265212356654589	40.4841059355272	0.0784430914048784	-11.2995405476075
"OMN"	221	"Oman"	42	1000	49.8	1720.6	30950	0.135702746365105	3.23101777059774	0.160904684975767	5.55928917609047	0.0252019386106624	2.32827140549273
"PAK"	165	"Pakistan"	658	5000	852	5000	79610	0.82652933048612	6.28061801281246	1.07021730938324	6.28061801281246	0.243687978897124	0
"PAN"	166	"Panama"	147	1535	185	1535	7552	1.94650423728814	20.3257415254237	2.44968220338983	20.3257415254237	0.503177966101695	0
"PER"	170	"Peru"	585	16900	820	17000	128522	0.455174989495962	13.14949969655	0.638023062199468	13.2273073870621	0.182848072703506	0.0778076905121292
"PHL"	171	"Philippines"	4650	1500	5100	1500	30000	15.5	5	17	5	1.5	0
"PLW"	180	"Palau"	2	2	2	2	46	4.34782608695652	4.34782608695652	4.34782608695652	4.34782608695652	0	0
"PNG"	168	"Papua New Guinea"	620	180	700	190	46284	1.33955578601677	0.388903292714545	1.5124016938899	0.410509031198686	0.172845907873131	0.0216057384841414
"POL"	173	"Poland"	337	4083	10870	3284	31269	1.07774473120343	13.0576609421472	34.7628641785794	10.5024145319646	33.685119447376	-2.55524641018261
"PRK"	116	"Democratic People's Republic of Korea"	200	50	205	50	12054	1.65920026547204	0.414800066368011	1.70068027210884	0.414800066368011	0.0414800066368011	0
"PRT"	174	"Portugal"	765	1433	708	1830	9212	8.30438558402084	15.5557967867998	7.68562744246635	19.8653929656969	-0.618758141554493	4.30959617889709
"PRY"	169	"Paraguay"	90	17215	90	17000	40675	0.221266133988937	42.3232944068838	0.221266133988937	41.7947141979103	0	-0.528580208973572
"PYF"	70	"French Polynesia"	20	20	22	20	400	5	5	5.5	5	0.5	0
"QAT"	179	"Qatar"	3	50	2	50	1100	0.272727272727273	4.54545454545455	0.181818181818182	4.54545454545455	-0.0909090909090909	0
"REU"	182	"Réunion"	4	9	33.2	11.3	251	1.59362549800797	3.58565737051793	13.2270916334661	4.50199203187251	11.6334661354582	0.916334661354581
"ROU"	183	"Romania"	527	4949	7419	5398	23839	2.21066319895969	20.7600989974412	31.1212718654306	22.6435672637275	28.9106086664709	1.88346826628634
"RUS"	185	"Russian Federation"	1864	90924	65505	92000	1709824	0.109017068423417	5.31774030543495	3.83109606602785	5.38067075909567	3.72207899760443	0.0629304536607274
"RWA"	184	"Rwanda"	250	520	250	450	2634	9.49126803340926	19.7418375094913	9.49126803340926	17.0842824601367	0	-2.65755504935459
"SAU"	194	"Saudi Arabia"	193	170000	755	170000	2e+05	0.0965	85	0.3775	85	0.281	0
"SDN"	206	"Sudan (former)"	117	115225	18308	117227	250581	0.0466914889796114	45.9831351938096	7.30622034392073	46.7820784496829	7.25952885494112	0.798943255873347
"SEN"	195	"Senegal"	55	5650	3055	5600	19672	0.279585197234648	28.721024806832	15.5296868645791	28.4668564457096	15.2501016673444	-0.254168361122407
"SGP"	200	"Singapore"	0.2	NA	0.1	NA	69.9	0.286123032904149	NA	0.143061516452074	NA	-0.143061516452074	NA
"SHN"	187	"Saint Helena"	NA	8	NA	8	31	NA	25.8064516129032	NA	25.8064516129032	NA	0
"SLB"	25	"Solomon Islands"	55	7	65	8	2890	1.90311418685121	0.242214532871972	2.24913494809689	0.27681660899654	0.346020761245675	0.0346020761245674
"SLE"	197	"Sierra Leone"	120	2200	135	2200	7174	1.67270699749094	30.6662949540006	1.88179537217731	30.6662949540006	0.209088374686368	0
"SLV"	60	"El Salvador"	250	600	622.34	847	2104	11.8821292775665	28.5171102661597	29.578897338403	40.2566539923954	17.6967680608365	11.7395437262357
"SOM"	201	"Somalia"	24	43000	29	43000	63766	0.0376376125207791	67.4340557663959	0.0454787817959414	67.4340557663959	0.00784116927516231	0
"SPM"	190	"Saint Pierre and Miquelon"	NA	NA	NA	NA	24	NA	NA	NA	NA	NA	NA
"SRB"	272	"Serbia"	NA	NA	3363	1460	8836	NA	NA	38.0602082390222	16.5233137166139	NA	NA
"STP"	193	"Sao Tome and Principe"	42	1	39	1	96	43.75	1.04166666666667	40.625	1.04166666666667	-3.125	0
"SUR"	207	"Suriname"	10	21	6	17	16327	0.0612482391131255	0.128621302137564	0.0367489434678753	0.104122006492313	-0.0244992956452502	-0.0244992956452502
"SVK"	199	"Slovakia"	47	865	1337	596.4	4903	0.958596777483174	17.6422598409137	27.2690189679788	12.163981235978	26.3104221904956	-5.47827860493576
"SVN"	198	"Slovenia"	31	314	173	310	2027	1.52935372471633	15.4908732116428	8.53478046373952	15.2935372471633	7.00542673902319	-0.197335964479526
"SWE"	210	"Sweden"	3	447	9	451	45029	0.00666237313731151	0.992693597459415	0.0199871194119345	1.0015767616425	0.013324746274623	0.0088831641830821
"SWZ"	209	"Swaziland"	13	1032	15	1032	1736	0.748847926267281	59.4470046082949	0.864055299539171	59.4470046082949	0.11520737327189	0
"SYC"	196	"Seychelles"	3	NA	2	NA	46	6.52173913043478	NA	4.34782608695652	NA	-2.17391304347826	NA
"SYR"	212	"Syrian Arab Republic"	810	8359	4793	8212	18518	4.37412247542931	45.1398639161897	25.8829247218922	44.3460416891673	21.5088022464629	-0.793822227022353
"TCA"	224	"Turks and Caicos Islands"	NA	NA	NA	NA	43	NA	NA	NA	NA	NA	NA
"TCD"	39	"Chad"	30	45000	32	45000	128400	0.0233644859813084	35.0467289719626	0.0249221183800623	35.0467289719626	0.00155763239875389	0
"TGO"	217	"Togo"	130	1000	210	1000	5679	2.28913541116394	17.6087339320303	3.69783412572636	17.6087339320303	1.40869871456242	0
"THA"	216	"Thailand"	3380	800	4500	800	51312	6.58715310258809	1.55908949173683	8.76987839101965	1.55908949173683	2.18272528843156	0
"TJK"	208	"Tajikistan"	102	3687	130	3875	14255	0.715538407576289	25.8646089091547	0.911960715538408	27.1834444054718	0.196422307962118	1.31883549631708
"TKM"	213	"Turkmenistan"	60	30700	60	30700	48810	0.122925629993854	62.8969473468551	0.122925629993854	62.8969473468551	0	0
"TLS"	176	"Timor-Leste"	67	150	60	150	1487	4.50571620712845	10.0874243443174	4.03496973772697	10.0874243443174	-0.47074646940148	0
"TON"	219	"Tonga"	11	4	11	4	75	14.6666666666667	5.33333333333333	14.6666666666667	5.33333333333333	0	0
"TTO"	220	"Trinidad and Tobago"	25	7	22	7	513	4.87329434697856	1.364522417154	4.28849902534113	1.364522417154	-0.584795321637428	0
"TUN"	222	"Tunisia"	2126	4561	4317	4852	16361	12.994315750871	27.8772691155797	26.38591773119	29.6558890043396	13.391601980319	1.77861988875985
"TUR"	223	"Turkey"	2553	14100	20146	14617	78356	3.25820613609679	17.9947929960692	25.7108581346674	18.6546020725918	22.4526519985706	0.659809076522539
"TUV"	227	"Tuvalu"	2	NA	1.8	NA	3	66.6666666666667	NA	60	NA	-6.66666666666666	NA
"TZA"	215	"United Republic of Tanzania"	1400	24000	1700	24000	94730	1.47788451388156	25.3351630951124	1.79457405257046	25.3351630951124	0.316689538688905	0
"UGA"	226	"Uganda"	2100	5112	2200	5112	24104	8.71224692997013	21.2080982409559	9.12711583139728	21.2080982409559	0.414868901427148	0
"UKR"	230	"Ukraine"	932	7910	31909	7893	60355	1.54419683539061	13.1057907381327	52.8688592494408	13.0776240576589	51.3246624140502	-0.0281666804738609
"URY"	234	"Uruguay"	42	13543	1358	12904	17622	0.238338440585632	76.8527976393145	7.70627624560209	73.2266485075474	7.46793780501646	-3.62614913176712
"USA"	231	"United States of America"	2700	236331	2600	248500	963204	0.280314450521385	24.5359238541368	0.269932433835408	25.7993114646534	-0.0103820166859772	1.26338761051657
"UZB"	235	"Uzbekistan"	350	22500	355	22000	44740	0.78229772016093	50.2905677246312	0.793473401877514	49.1729995529727	0.0111756817165846	-1.11756817165848
"VCT"	191	"Saint Vincent and the Grenadines"	3	2	3	2	39	7.69230769230769	5.12820512820513	7.69230769230769	5.12820512820513	0	0
"VEN"	236	"Venezuela (Bolivarian Republic of)"	800	18000	650	18000	91205	0.877144893372074	19.7357601008717	0.71268022586481	19.7357601008717	-0.164464667507264	0
"VGB"	239	"British Virgin Islands"	1	5	1	5	15	6.66666666666667	33.3333333333333	6.66666666666667	33.3333333333333	0	0
"VIR"	240	"United States Virgin Islands"	1	4	1	2	34.63	2.88766965059197	11.5506786023679	2.88766965059197	5.77533930118394	0	-5.77533930118394
"VNM"	237	"Viet Nam"	1938	642	10082	686	32932	5.8848536377991	1.94947163852788	30.6145997813677	2.08308028665128	24.7297461435686	0.133608648123406
"VUT"	155	"Vanuatu"	113	42	125	42	1220	9.26229508196721	3.44262295081967	10.2459016393443	3.44262295081967	0.983606557377049	0
"WLF"	243	"Wallis and Futuna Islands"	5	NA	5	NA	14	35.7142857142857	NA	35.7142857142857	NA	0	NA
"WSM"	244	"Samoa"	31	3	22	5	284	10.9154929577465	1.05633802816901	7.74647887323944	1.76056338028169	-3.16901408450704	0.704225352112676
"YEM"	249	"Yemen"	124	22000	1461	22018	52797	0.234861829270603	41.6690342254295	2.76720268197057	41.7031270716139	2.53234085269996	0.0340928461844356
"ZAF"	202	"South Africa"	385	83928	12793	83948	121909	0.315809333191151	68.8447940677062	10.4938929857517	68.8611997473525	10.1780836525605	0.0164056796462972
"ZMB"	251	"Zambia"	32	19650	35	20000	75261	0.0425187015851503	26.1091401921314	0.0465048298587582	26.574188490719	0.00398612827360784	0.465048298587583
"ZWE"	181	"Zimbabwe"	120	11360	120	12100	39076	0.307093868359095	29.0715528713277	0.307093868359095	30.9652983928754	0	1.89374552154775
