"ISO3"	"COUNTRY"	"FORAREA90"	"FORAREA00"	"FORAREA05"	"FORAREA10"	"AREATOT"	"FORAREAREL.10"	"DIFF.90.00"	"DIFF.00.10"	"ANDIFF.90.00"	"ANDIFF.00.10"	"ANDIFF.90.00.rel"	"ANDIFF.00.10.rel"
"ABW"	"Aruba"	0.42	0.42	0.42	0.42	18	" 2.33333"	0	0	0	0	0	0
"AFG"	"Afghanistan"	1350	1350	1350	1350	65209	" 2.07027"	0	0	0	0	0	0
"AGO"	"Angola"	60976	59728	59104	58480	124670	"46.90784"	-1248	-1248	-124.8	-124.8	-0.2047	-0.2089
"AIA"	"Anguilla"	5.5	5.5	5.5	5.5	9.1	"60.43956"	0	0	0	0	0	0
"ALB"	"Albania"	789	769	782	776.3	2875	"27.00174"	-20	7.29999999999995	-2	0.729999999999995	-0.2535	0.0949
"AND"	"Andorra"	16	16	16	16	45	"35.55556"	0	0	0	0	0	0
"ANT"	"Netherlands Antilles"	1.18	1.18	1.18	1.18	80	" 1.47500"	0	0	0	0	0	0
"ARE"	"United Arab Emirates"	245	310	312	317.3	8360	" 3.79545"	65	7.30000000000001	6.5	0.730000000000001	2.6531	0.2355
"ARG"	"Argentina"	34793	31861	30599	29400	278040	"10.57402"	-2932	-2461	-293.2	-246.1	-0.8427	-0.7724
"ARM"	"Armenia"	347	304	283	262	2980	" 8.79195"	-43	-42	-4.3	-4.2	-1.2392	-1.3816
"ASM"	"American Samoa"	18.388	18.05	17.881	17.712	20	"88.56000"	-0.338000000000001	-0.338000000000001	-0.0338000000000001	-0.0338000000000001	-0.1838	-0.1873
"ATG"	"Antigua and Barbuda"	10.3	10	9.8	9.8	44	"22.27273"	-0.300000000000001	-0.199999999999999	-0.0300000000000001	-0.0199999999999999	-0.2913	-0.2
"AUS"	"Australia"	154500	154920	153920	149300	774120	"19.28642"	420	-5620	42	-562	0.0272	-0.3628
"AUT"	"Austria"	3776	3838	3862	3887	8387	"46.34553"	62	49	6.2	4.9	0.1642	0.1277
"AZE"	"Azerbaijan"	936	936	936	936	8660.1	"10.80819"	0	0	0	0	0	0
"BDI"	"Burundi"	289	198	181	172	2783	" 6.18038"	-91	-26	-9.1	-2.6	-3.1488	-1.3131
"BEL"	"Belgium"	677.4	667.3	672.6	677.8	3052.8	"22.20257"	-10.1	10.5	-1.01	1.05	-0.1491	0.1574
"BEN"	"Benin"	5761	5061	4811	4561	11262	"40.49902"	-700	-500	-70	-50	-1.2151	-0.9879
"BFA"	"Burkina Faso"	6847	6248	5949	5649	27400	"20.61679"	-599	-599	-59.9	-59.9	-0.8748	-0.9587
"BGD"	"Bangladesh"	1494	1468	1455	1442	14400	"10.01389"	-26	-26	-2.6	-2.6	-0.174	-0.1771
"BGR"	"Bulgaria"	3327	3375	3651	3927	11100	"35.37838"	48	552	4.8	55.2	0.1443	1.6356
"BHR"	"Bahrain"	0.216	0.371	0.448	0.526	71	" 0.74085"	0.155	0.155	0.0155	0.0155	7.1759	4.1779
"BHS"	"Bahamas"	515	515	515	515	1387.7	"37.11177"	0	0	0	0	0	0
"BIH"	"Bosnia and Herzegovina"	2210	2185	2185	2185	5121	"42.66745"	-25	0	-2.5	0	-0.1131	0
"BLM"	"Saint Barthelemy"	0	0	0	0	2.1	" 0.00000"	0	0	0	0	0	0
"BLR"	"Belarus"	7780	8273	8436	8630	20760	"41.57033"	493	357	49.3	35.7	0.6337	0.4315
"BLZ"	"Belize"	1586	1489	1441	1393	2297	"60.64432"	-97	-96	-9.7	-9.6	-0.6116	-0.6447
"BMU"	"Bermuda"	1	1	1	1	5	"20.00000"	0	0	0	0	0	0
"BOL"	"Bolivia, Plurinational State of"	62795	60091	58734	57196	109858	"52.06357"	-2704	-2895	-270.4	-289.5	-0.4306	-0.4818
"BRA"	"Brazil"	574839	545943	530494	519522	851487	"61.01350"	-28896	-26421	-2889.6	-2642.1	-0.5027	-0.484
"BRB"	"Barbados"	8.36	8.36	8.36	8.36	43	"19.44186"	0	0	0	0	0	0
"BRN"	"Brunei Darussalam"	413	397	389	380	577	"65.85789"	-16	-17	-1.6	-1.7	-0.3874	-0.4282
"BTN"	"Bhutan"	3035	3141	3195	3249	4700	"69.12766"	106	108	10.6	10.8	0.3493	0.3438
"BWA"	"Botswana"	13718	12535	11943	11351	58173	"19.51249"	-1183	-1184	-118.3	-118.4	-0.8624	-0.9446
"CAF"	"Central African Republic"	23203	22903	22755	22605	62300	"36.28411"	-300	-298	-30	-29.8	-0.1293	-0.1301
"CAN"	"Canada"	310134	310134	310134	310134	998467	"31.06102"	0	0	0	0	0	0
"CHE"	"Switzerland"	1151	1194	1217	1240	4128	"30.03876"	43	46	4.3	4.6	0.3736	0.3853
"CHL"	"Chile"	15263	15834	16043	16231	75663	"21.45170"	571	397	57.1	39.7	0.3741	0.2507
"CHN"	"China"	157140.6	177000.5	193043.9	206860.6	960000	"21.54798"	19859.9	29860.1	1985.99	2986.01	1.2638	1.687
"CIV"	"Cote d'Ivoire"	10222	10328	10405	10403	32246	"32.26137"	106	75	10.6	7.5	0.1037	0.0726
"CMR"	"Cameroon"	24316	22116	21016	19916	47544	"41.88962"	-2200	-2200	-220	-220	-0.9048	-0.9948
"COD"	"Congo, The Democratic Republic of the"	160363	157249	155692	154135	234486	"65.73314"	-3114	-3114	-311.4	-311.4	-0.1942	-0.198
"COG"	"Congo"	22726	22556	22471	22411	34200	"65.52924"	-170	-145	-17	-14.5	-0.0748	-0.0643
"COK"	"Cook Islands"	14.9	15.5	15.5	15.5	24	"64.58333"	0.6	0	0.06	0	0.4027	0
"COL"	"Colombia"	62519	61509	61004	60499	114175	"52.98796"	-1010	-1010	-101	-101	-0.1616	-0.1642
"COM"	"Comoros"	12	8	5	3	186	" 1.61290"	-4	-5	-0.4	-0.5	-3.3333	-6.25
"CPV"	"Cape Verde"	57.75	82.09	83.59	85.09	403	"21.11414"	24.34	3	2.434	0.3	4.2147	0.3655
"CRI"	"Costa Rica"	2564	2376	2491	2605	5110	"50.97847"	-188	229	-18.8	22.9	-0.7332	0.9638
"CUB"	"Cuba"	2058	2435	2697	2870	11086	"25.88851"	377	435	37.7	43.5	1.8319	1.7864
"CYM"	"Cayman Islands"	12.7	12.7	12.7	12.7	26	"48.84615"	0	0	0	0	0	0
"CYP"	"Cyprus"	161.11	171.61	172.851	173.182	925.15	"18.71934"	10.5	1.57199999999997	1.05	0.157199999999997	0.6517	0.0916
"CZE"	"Czech Republic"	2629	2637	2647	2657	7887	"33.68835"	8	20	0.8	2	0.0304	0.0758
"DEU"	"Germany"	10741	11076	11076	11076	35705	"31.02087"	335	0	33.5	0	0.3119	0
"DJI"	"Djibouti"	5.6	5.6	5.6	5.6	2319.6	" 0.24142"	0	0	0	0	0	0
"DMA"	"Dominica"	50	47.33	45.99	44.66	75	"59.54667"	-2.67	-2.67	-0.267	-0.267	-0.534	-0.5641
"DNK"	"Denmark"	445	486	534	544	4310	"12.62181"	41	58	4.1	5.8	0.9213	1.1934
"DOM"	"Dominican Republic"	1972	1972	1972	1972	4874	"40.45958"	0	0	0	0	0	0
"DZA"	"Algeria"	1667	1579	1536	1492	238174	" 0.62643"	-88	-87	-8.8	-8.7	-0.5279	-0.551
"ECU"	"Ecuador"	13817	11841	10853	9865	28356	"34.78982"	-1976	-1976	-197.6	-197.6	-1.4301	-1.6688
"EGY"	"Egypt"	44	59	67	70	100145	" 0.06990"	15	11	1.5	1.1	3.4091	1.8644
"ERI"	"Eritrea"	1621	1576	1554	1532	11760	"13.02721"	-45	-44	-4.5	-4.4	-0.2776	-0.2792
"ESH"	"Western Sahara"	707	707	707	707	26600	" 2.65789"	0	0	0	0	0	0
"ESP"	"Spain"	13818.36	16987.84	17293.19	18173.28	50537	"35.96035"	3169.48	1185.44	316.948	118.544	2.2937	0.6978
"EST"	"Estonia"	2090	2243	2252	2217	4523	"49.01614"	153	-26	15.3	-2.6	0.7321	-0.1159
"ETH"	"Ethiopia"	15114	13705	13000	12296	110430	"11.13466"	-1409	-1409	-140.9	-140.9	-0.9322	-1.0281
"FIN"	"Finland"	21889	22459	22157	22157	33842	"65.47190"	570	-302	57	-30.2	0.2604	-0.1345
"FJI"	"Fiji"	952.9	980.44	997.26	1014.08	1827	"55.50520"	27.5400000000001	33.64	2.75400000000001	3.364	0.289	0.3431
"FLK"	"Falkland Islands (Malvinas)"	0	0	0	0	1217	" 0.00000"	0	0	0	0	0	0
"FRA"	"France"	14537	15353	15714	15954	55150	"28.92838"	816	601	81.6	60.1	0.5613	0.3915
"FRO"	"Faroe Islands"	0.1	0.1	0.1	0.1	140	" 0.07143"	0	0	0	0	0	0
"FSM"	"Micronesia, Federated States of"	63.584	63.856	63.993	64.129	70	"91.61286"	0.271999999999998	0.273000000000003	0.0271999999999998	0.0273000000000003	0.0428	0.0428
"GAB"	"Gabon"	22000	22000	22000	22000	26767	"82.19076"	0	0	0	0	0	0
"GBR"	"United Kingdom"	2611	2793	2845	2881	24417	"11.79916"	182	88	18.2	8.8	0.6971	0.3151
"GEO"	"Georgia"	2779.3	2767.83	2755.06	2742.29	6970	"39.34419"	-11.4700000000003	-25.54	-1.14700000000003	-2.554	-0.0413	-0.0923
"GGY"	"Guernsey"	0.2	0.2	0.2	0.2	7.8	" 2.56410"	0	0	0	0	0	0
"GHA"	"Ghana"	7448	6094	5517	4940	23854	"20.70931"	-1354	-1154	-135.4	-115.4	-1.8179	-1.8937
"GIB"	"Gibraltar"	0	0	0	0	1	" 0.00000"	0	0	0	0	0	0
"GIN"	"Guinea"	7264	6904	6724	6544	24586	"26.61677"	-360	-360	-36	-36	-0.4956	-0.5214
"GLP"	"Guadeloupe"	67.4	65.4	64.4	63.5	163	"38.95706"	-2	-1.90000000000001	-0.2	-0.190000000000001	-0.2967	-0.2905
"GMB"	"Gambia"	442	461	471	480	1130	"42.47788"	19	19	1.9	1.9	0.4299	0.4121
"GNB"	"Guinea-Bissau"	2216	2120	2072	2022	3612	"55.98007"	-96	-98	-9.6	-9.8	-0.4332	-0.4623
"GNQ"	"Equatorial Guinea"	1860	1743	1685	1626	2805	"57.96791"	-117	-117	-11.7	-11.7	-0.629	-0.6713
"GRC"	"Greece"	3299	3601	3752	3903	13196	"29.57714"	302	302	30.2	30.2	0.9154	0.8387
"GRD"	"Grenada"	16.99	16.99	16.99	16.99	34	"49.97059"	0	0	0	0	0	0
"GRL"	"Greenland"	0.22	0.22	0.22	0.22	41045	" 0.00054"	0	0	0	0	0	0
"GTM"	"Guatemala"	4748	4208	3938	3657	10889	"33.58435"	-540	-551	-54	-55.1	-1.1373	-1.3094
"GUF"	"French Guiana"	8188	8118	8100	8082	8396	"96.26012"	-70	-36	-7	-3.6	-0.0855	-0.0443
"GUM"	"Guam"	25.88	25.88	25.88	25.88	55	"47.05455"	0	0	0	0	0	0
"GUY"	"Guyana"	15205	15205	15205	15205	21497	"70.73080"	0	0	0	0	0	0
"HND"	"Honduras"	8136	6392	5792	5192	11209	"46.31992"	-1744	-1200	-174.4	-120	-2.1436	-1.8773
"HRV"	"Croatia"	1850	1885	1903	1920	5654	"33.95826"	35	35	3.5	3.5	0.1892	0.1857
"HTI"	"Haiti"	116	109	105	101	2775	" 3.63964"	-7	-8	-0.7	-0.8	-0.6034	-0.7339
"HUN"	"Hungary"	1801	1907	1983	2029	9303	"21.81017"	106	122	10.6	12.2	0.5886	0.6397
"IDN"	"Indonesia"	118545	99409	97857	94432	190457	"49.58180"	-19136	-4977	-1913.6	-497.7	-1.6142	-0.5007
"IMN"	"Isle of Man"	3.46	3.46	3.46	3.46	57.163	" 6.05287"	0	0	0	0	0	0
"IND"	"India"	63939	65390	67709	68434	328726	"20.81795"	1451	3044	145.1	304.4	0.2269	0.4655
"IRL"	"Ireland"	465	635	695	739	7026	"10.51808"	170	104	17	10.4	3.6559	1.6378
"IRN"	"Iran, Islamic Republic of"	11075	11075	11075	11075	174515	" 6.34616"	0	0	0	0	0	0
"IRQ"	"Iraq"	804	818	825	825	43832	" 1.88219"	14	7	1.4	0.7	0.1741	0.0856
"ISL"	"Iceland"	8.7	18.4	25.4	29.9	10300	" 0.29029"	9.7	11.5	0.97	1.15	11.1494	6.25
"ISR"	"Israel"	132	153	155	154	2207	" 6.97780"	21	1	2.1	0.1	1.5909	0.0654
"ITA"	"Italy"	7590	8369	8759	9149	30134	"30.36105"	779	780	77.9	78	1.0264	0.932
"JAM"	"Jamaica"	344.6	340.9	339.2	337.1	1099	"30.67334"	-3.70000000000005	-3.79999999999995	-0.370000000000005	-0.379999999999995	-0.1074	-0.1115
"JEY"	"Jersey"	0.6	0.6	0.6	0.6	11.6	" 5.17241"	0	0	0	0	0	0
"JOR"	"Jordan"	97.5	97.5	97.5	97.5	8878	" 1.09822"	0	0	0	0	0	0
"JPN"	"Japan"	24950	24876	24935	24979	37791	"66.09775"	-74	103	-7.4	10.3	-0.0297	0.0414
"KAZ"	"Kazakhstan"	3422	3365	3337	3309	272490	" 1.21436"	-57	-56	-5.7	-5.6	-0.1666	-0.1664
"KEN"	"Kenya"	3708	3582	3522	3467	58037	" 5.97378"	-126	-115	-12.6	-11.5	-0.3398	-0.321
"KGZ"	"Kyrgyzstan"	836.4	858.3	869.3	953.8	19990	" 4.77139"	21.9	95.5	2.19	9.55	0.2618	1.1127
"KHM"	"Cambodia"	12944	11546	10731	10094	18104	"55.75563"	-1398	-1452	-139.8	-145.2	-1.08	-1.2576
"KIR"	"Kiribati"	12.15	12.15	12.15	12.15	81	"15.00000"	0	0	0	0	0	0
"KNA"	"Saint Kitts and Nevis"	11	11	11	11	26	"42.30769"	0	0	0	0	0	0
"KOR"	"Korea, Republic of"	6370	6288	6255	6222	9926	"62.68386"	-82	-66	-8.2	-6.6	-0.1287	-0.105
"KWT"	"Kuwait"	3.45	4.85	5.55	6.25	1782	" 0.35073"	1.4	1.4	0.14	0.14	4.058	2.8866
"LAO"	"Lao People's Democratic Republic"	17314	16532	16142	15751	23680	"66.51605"	-782	-781	-78.2	-78.1	-0.4517	-0.4724
"LBN"	"Lebanon"	131	131	136.5	136.9	1040	"13.16346"	0	5.90000000000001	0	0.590000000000001	0	0.4504
"LBR"	"Liberia"	4929	4629	4479	4329	11137	"38.87043"	-300	-300	-30	-30	-0.6086	-0.6481
"LBY"	"Libya"	217	217	217	217	175954	" 0.12333"	0	0	0	0	0	0
"LCA"	"Saint Lucia"	43.8	46.7	47	47	62	"75.80645"	2.90000000000001	0.299999999999997	0.290000000000001	0.0299999999999997	0.6621	0.0642
"LIE"	"Liechtenstein"	6.5	6.9	6.9	6.9	16	"43.12500"	0.4	0	0.04	0	0.6154	0
"LKA"	"Sri Lanka"	2350	2082	1933	1860	6561	"28.34934"	-268	-222	-26.8	-22.2	-1.1404	-1.0663
"LSO"	"Lesotho"	40	42	43	44	3035	" 1.44975"	2	2	0.2	0.2	0.5	0.4762
"LTU"	"Lithuania"	1945	2020	2121	2160	6530	"33.07810"	75	140	7.5	14	0.3856	0.6931
"LUX"	"Luxembourg"	85.8	86.75	86.75	86.75	259	"33.49421"	0.950000000000003	0	0.0950000000000003	0	0.1107	0
"LVA"	"Latvia"	3173	3241	3297	3354	6459	"51.92754"	68	113	6.8	11.3	0.2143	0.3487
"MAF"	"Saint Martin (French part)"	1	1	1	1	5.4	"18.51852"	0	0	0	0	0	0
"MAR"	"Morocco"	5049	5017	5081	5131	44655	"11.49031"	-32	114	-3.2	11.4	-0.0634	0.2272
"MCO"	"Monaco"	0	0	0	0	0.202	" 0.00000"	0	0	0	0	0	0
"MDA"	"Moldova, Republic of"	319	324	363	386	3384	"11.40662"	5	62	0.5	6.2	0.1567	1.9136
"MDG"	"Madagascar"	13692	13122	12838	12553	58704	"21.38355"	-570	-569	-57	-56.9	-0.4163	-0.4336
"MDV"	"Maldives"	0.9	0.9	0.9	0.9	30	" 3.00000"	0	0	0	0	0	0
"MEX"	"Mexico"	70291	66751	65578	64802	196438	"32.98853"	-3540	-1949	-354	-194.9	-0.5036	-0.292
"MHL"	"Marshall Islands"	12.636	12.636	12.636	12.636	18	"70.20000"	0	0	0	0	0	0
"MKD"	"Macedonia, The Former Yugoslav Republic of"	912	958	975	998	2571	"38.81758"	46	40	4.6	4	0.5044	0.4175
"MLI"	"Mali"	14072	13281	12885	12490	124019	"10.07104"	-791	-791	-79.1	-79.1	-0.5621	-0.5956
"MLT"	"Malta"	0.347	0.347	0.347	0.347	32	" 1.08437"	0	0	0	0	0	0
"MMR"	"Myanmar"	39218	34868	33321	31773	67658	"46.96119"	-4350	-3095	-435	-309.5	-1.1092	-0.8876
"MNE"	"Montenegro"	543	543	543	543	1381	"39.31933"	0	0	0	0	0	0
"MNG"	"Mongolia"	12536	11717	11308	10898	156650	" 6.95691"	-819	-819	-81.9	-81.9	-0.6533	-0.699
"MNP"	"Northern Mariana Islands"	33.609	31.964	31.142	30.319	46	"65.91087"	-1.645	-1.645	-0.1645	-0.1645	-0.4895	-0.5146
"MOZ"	"Mozambique"	43378	41188	40079	39022	79938	"48.81533"	-2190	-2166	-219	-216.6	-0.5049	-0.5259
"MRT"	"Mauritania"	415	317	267	242	103070	" 0.23479"	-98	-75	-9.8	-7.5	-2.3614	-2.3659
"MSR"	"Montserrat"	3.5	2.5	2.5	2.5	10.3	"24.27184"	-1	0	-0.1	0	-2.8571	0
"MTQ"	"Martinique"	48.5	48.5	48.5	48.5	110	"44.09091"	0	0	0	0	0	0
"MUS"	"Mauritius"	38.8	38.7	34.9	35	204	"17.15686"	-0.0999999999999943	-3.7	-0.00999999999999943	-0.37	-0.0258	-0.9561
"MWI"	"Malawi"	3896	3567	3402	3237	11848	"27.32107"	-329	-330	-32.9	-33	-0.8445	-0.9251
"MYS"	"Malaysia"	22376	21591	20890	20456	32974	"62.03676"	-785	-1135	-78.5	-113.5	-0.3508	-0.5257
"MYT"	"Mayotte"	17.693	15.754	14.785	13.815	37.4	"36.93850"	-1.939	-1.939	-0.1939	-0.1939	-1.0959	-1.2308
"NAM"	"Namibia"	8762	8032	7661	7290	82429	" 8.84397"	-730	-742	-73	-74.2	-0.8331	-0.9238
"NCL"	"New Caledonia"	839	839	839	839	1858	"45.15608"	0	0	0	0	0	0
"NER"	"Niger"	1945	1328	1266	1204	126700	" 0.95028"	-617	-124	-61.7	-12.4	-3.1722	-0.9337
"NFK"	"Norfolk Island"	0.46	0.46	0.46	0.46	4	"11.50000"	0	0	0	0	0	0
"NGA"	"Nigeria"	17234	13137	11089	9041	92377	" 9.78707"	-4097	-4096	-409.7	-409.6	-2.3773	-3.1179
"NIC"	"Nicaragua"	4514	3814	3464	3114	13000	"23.95385"	-700	-700	-70	-70	-1.5507	-1.8353
"NIU"	"Niue"	20.6	19.6	19.1	18.6	26	"71.53846"	-1	-1	-0.1	-0.1	-0.4854	-0.5102
"NLD"	"Netherlands"	345	360	365	365	4153	" 8.78883"	15	5	1.5	0.5	0.4348	0.1389
"NOR"	"Norway"	9130	9301	9683	10065	32380	"31.08400"	171	764	17.1	76.4	0.1873	0.8214
"NPL"	"Nepal"	4817	3900	3636	3636	14718	"24.70444"	-917	-264	-91.7	-26.4	-1.9037	-0.6769
"NRU"	"Nauru"	0	0	0	0	2	" 0.00000"	0	0	0	0	0	0
"NZL"	"New Zealand"	7720	8266	8311	8269	26771	"30.88790"	546	3	54.6	0.3	0.7073	0.0036
"OMN"	"Oman"	2	2	2	2	30950	" 0.00646"	0	0	0	0	0	0
"PAK"	"Pakistan"	2527	2116	1902	1687	79610	" 2.11908"	-411	-429	-41.1	-42.9	-1.6264	-2.0274
"PAN"	"Panama"	3792	3369	3310	3251	7552	"43.04820"	-423	-118	-42.3	-11.8	-1.1155	-0.3503
"PCN"	"Pitcairn"	3.5	3.5	3.5	3.5	4.2	"83.33333"	0	0	0	0	0	0
"PER"	"Peru"	70156	69213	68742	67992	128522	"52.90300"	-943	-1221	-94.3	-122.1	-0.1344	-0.1764
"PHL"	"Philippines"	6570	7117	7391	7665	30000	"25.55000"	547	548	54.7	54.8	0.8326	0.77
"PLW"	"Palau"	38.154	39.587	40.303	40.303	46	"87.61522"	1.433	0.715999999999994	0.1433	0.0715999999999994	0.3756	0.1809
"PNG"	"Papua New Guinea"	31523	30133	29437	28726	46284	"62.06464"	-1390	-1407	-139	-140.7	-0.4409	-0.4669
"POL"	"Poland"	8881	9059	9200	9337	31269	"29.86024"	178	278	17.8	27.8	0.2004	0.3069
"PRI"	"Puerto Rico"	287	464	508	552	895	"61.67598"	177	88	17.7	8.8	6.1672	1.8966
"PRK"	"Korea, Democratic People's Republic of"	8201	6933	6299	5666	12054	"47.00514"	-1268	-1267	-126.8	-126.7	-1.5462	-1.8275
"PRT"	"Portugal"	3327	3420	3437	3456	9212	"37.51628"	93	36	9.3	3.6	0.2795	0.1053
"PRY"	"Paraguay"	21157	19368	18475	17582	40675	"43.22557"	-1789	-1786	-178.9	-178.6	-0.8456	-0.9221
"PSE"	"Palestinian Territory, Occupied"	9.08	9.08	9.17	9.17	621	" 1.47665"	0	0.0899999999999999	0	0.00899999999999999	0	0.0991
"PYF"	"French Polynesia"	55	105	130	155	400	"38.75000"	50	50	5	5	9.0909	4.7619
"QAT"	"Qatar"	0	0	0	0	1100	" 0.00000"	0	0	0	0	0	0
"REU"	"Reunion"	87	87	85	88	251	"35.05976"	0	1	0	0.1	0	0.1149
"ROU"	"Romania"	6371	6366	6391	6573	23839	"27.57247"	-5	207	-0.5	20.7	-0.0078	0.3252
"RUS"	"Russian Federation"	808949.9	809268.5	808790	809090	1709824	"47.32008"	318.599999999977	-178.5	31.8599999999977	-17.85	0.0039	-0.0022
"RWA"	"Rwanda"	318	344	385	435	2634	"16.51481"	26	91	2.6	9.1	0.8176	2.6453
"SAU"	"Saudi Arabia"	977	977	977	977	2e+05	" 0.48850"	0	0	0	0	0	0
"SDN"	"Sudan"	76381	70491	70220	69949	250581	"27.91473"	-5890	-542	-589	-54.2	-0.7711	-0.0769
"SEN"	"Senegal"	9348	8898	8673	8473	19672	"43.07137"	-450	-425	-45	-42.5	-0.4814	-0.4776
"SGP"	"Singapore"	2.3	2.3	2.3	2.3	69.9	" 3.29041"	0	0	0	0	0	0
"SHN"	"Saint Helena, Ascension and Tristan da Cunha"	2	2	2	2	31	" 6.45161"	0	0	0	0	0	0
"SJM"	"Svalbard and Jan Mayen"	0	0	0	0	6140	" 0.00000"	0	0	0	0	0	0
"SLB"	"Solomon Islands"	2324	2268	2241	2213	2890	"76.57439"	-56	-55	-5.6	-5.5	-0.241	-0.2425
"SLE"	"Sierra Leone"	3118	2922	2824	2726	7174	"37.99833"	-196	-196	-19.6	-19.6	-0.6286	-0.6708
"SLV"	"El Salvador"	377	332	309	287	2104	"13.64068"	-45	-45	-4.5	-4.5	-1.1936	-1.3554
"SMR"	"San Marino"	0	0	0	0	6	" 0.00000"	0	0	0	0	0	0
"SOM"	"Somalia"	8282	7515	7131	6747	63766	"10.58087"	-767	-768	-76.7	-76.8	-0.9261	-1.022
"SPM"	"Saint Pierre and Miquelon"	3.4	3.2	3	2.9	24	"12.08333"	-0.2	-0.3	-0.02	-0.03	-0.5882	-0.9375
"SRB"	"Serbia"	2313	2460	2476	2713	8836	"30.70394"	147	253	14.7	25.3	0.6355	1.0285
"STP"	"Sao Tome and Principe"	27	27	27	27	96	"28.12500"	0	0	0	0	0	0
"SUR"	"Suriname"	14776	14776	14776	14758	16327	"90.39015"	0	-18	0	-1.8	0	-0.0122
"SVK"	"Slovakia"	1922	1921	1932	1933	4903	"39.42484"	-1	12	-0.1	1.2	-0.0052	0.0625
"SVN"	"Slovenia"	1188	1233	1243	1253	2027	"61.81549"	45	20	4.5	2	0.3788	0.1622
"SWE"	"Sweden"	27281	27389	28203	28203	45029	"62.63297"	108	814	10.8	81.4	0.0396	0.2972
"SWZ"	"Swaziland"	472	518	541	563	1736	"32.43088"	46	45	4.6	4.5	0.9746	0.8687
"SYC"	"Seychelles"	40.7	40.7	40.7	40.7	46	"88.47826"	0	0	0	0	0	0
"SYR"	"Syrian Arab Republic"	372	432	461	491	18518	" 2.65147"	60	59	6	5.9	1.6129	1.3657
"TCA"	"Turks and Caicos Islands"	34.4	34.4	34.4	34.4	43	"80.00000"	0	0	0	0	0	0
"TCD"	"Chad"	13110	12317	11921	11525	128400	" 8.97586"	-793	-792	-79.3	-79.2	-0.6049	-0.643
"TGO"	"Togo"	685	486	386	287	5679	" 5.05371"	-199	-199	-19.9	-19.9	-2.9051	-4.0947
"THA"	"Thailand"	19549	19004	18898	18972	51312	"36.97381"	-545	-32	-54.5	-3.2	-0.2788	-0.0168
"TJK"	"Tajikistan"	408	410	410	410	14255	" 2.87618"	2	0	0.2	0	0.049	0
"TKL"	"Tokelau"	0	0	0	0	1	" 0.00000"	0	0	0	0	0	0
"TKM"	"Turkmenistan"	4127	4127	4127	4127	48810	" 8.45523"	0	0	0	0	0	0
"TLS"	"Timor-Leste"	966	854	798	742	1487	"49.89913"	-112	-112	-11.2	-11.2	-1.1594	-1.3115
"TON"	"Tonga"	9	9	9	9	75	"12.00000"	0	0	0	0	0	0
"TTO"	"Trinidad and Tobago"	240.7	233.6	230	226.4	513	"44.13255"	-7.09999999999999	-7.19999999999999	-0.709999999999999	-0.719999999999999	-0.295	-0.3082
"TUN"	"Tunisia"	643	837	924	1006	16361	" 6.14877"	194	169	19.4	16.9	3.0171	2.0191
"TUR"	"Turkey"	9680	10146	10740	11334	78356	"14.46475"	466	1188	46.6	118.8	0.4814	1.1709
"TUV"	"Tuvalu"	1	1	1	1	3	"33.33333"	0	0	0	0	0	0
"TZA"	"Tanzania, United Republic of"	41495	37462	35445	33428	94730	"35.28766"	-4033	-4034	-403.3	-403.4	-0.9719	-1.0768
"UGA"	"Uganda"	4751	3869	3429	2988	24104	"12.39628"	-882	-881	-88.2	-88.1	-1.8565	-2.2771
"UKR"	"Ukraine"	9274	9510	9575	9705	60355	"16.07986"	236	195	23.6	19.5	0.2545	0.205
"URY"	"Uruguay"	920	1412	1520	1744	17622	" 9.89672"	492	332	49.2	33.2	5.3478	2.3513
"USA"	"United States"	296335	300195	302108	304022	963204	"31.56361"	3860	3827	386	382.7	0.1303	0.1275
"UZB"	"Uzbekistan"	3045	3212	3295	3275.5	44740	" 7.32119"	167	63.5	16.7	6.35	0.5484	0.1977
"VAT"	"Holy See (Vatican City State)"	0	0	0	0	0.044	" 0.00000"	0	0	0	0	0	0
"VCT"	"Saint Vincent and the Grenadines"	25.3	26	26.3	26.7	39	"68.46154"	0.699999999999999	0.699999999999999	0.0699999999999999	0.0699999999999999	0.2767	0.2692
"VEN"	"Venezuela, Bolivarian Republic of"	52026	49151	47713	46275	91205	"50.73735"	-2875	-2876	-287.5	-287.6	-0.5526	-0.5851
"VGB"	"Virgin Islands, British"	3.71	3.67	3.66	3.64	15	"24.26667"	-0.04	-0.0299999999999998	-0.004	-0.00299999999999998	-0.1078	-0.0817
"VIR"	"Virgin Islands, U.S."	23.58	21.91	21.07	20.23	34.63	"58.41756"	-1.67	-1.68	-0.167	-0.168	-0.7082	-0.7668
"VNM"	"Viet Nam"	9363	11725	13077	13797	32932	"41.89542"	2362	2072	236.2	207.2	2.5227	1.7672
"VUT"	"Vanuatu"	440	440	440	440	1220	"36.06557"	0	0	0	0	0	0
"WLF"	"Wallis and Futuna"	5.81	5.83	5.85	5.86	14	"41.85714"	0.0200000000000005	0.0300000000000002	0.00200000000000005	0.00300000000000002	0.0344	0.0515
"WSM"	"Samoa"	130	171	171	171	284	"60.21127"	41	0	4.1	0	3.1538	0
"YEM"	"Yemen"	549	549	549	549	52797	" 1.03983"	0	0	0	0	0	0
"ZAF"	"South Africa"	9241	9241	9241	9241	121909	" 7.58024"	0	0	0	0	0	0
"ZMB"	"Zambia"	52800	51134	50301	49468	75261	"65.72860"	-1666	-1666	-166.6	-166.6	-0.3155	-0.3258
"ZWE"	"Zimbabwe"	22164	18894	17259	15624	39076	"39.98362"	-3270	-3270	-327	-327	-1.4754	-1.7307
