"Country Name"	"Country Code"	"2000"	"2001"	"2002"	"2003"	"2004"	"2005"	"2006"	"2007"	"2008"	"2009"	"2010"	"GDPGROWTHAV.00.10"
"Afghanistan"	"AFG"				8.4441632309	1.055555806	11.1752702171	5.5541376425	13.7402049676	3.6113684099	21.0206487192	8.433290483	10.3204931721
"Albania"	"ALB"	7.3	7	2.9	5.7	5.9	5.5	5	5.9	7.7	3.3	3.5	5.9732836716
"Algeria"	"DZA"	2.2000007035	2.5999951682	4.7000046523	6.9000016625	5.1999971045	5.0999992862	2	3	2.4	2.4	3.6	4.0049036034
"American Samoa"	"ASM"												"#NUM!"
"Andorra"	"AND"	1.1657870644	11.7702727457	5.874302308	6.7543854508	6.484810116	5.9178627001	6.7899351474	1.4280715001	3.5707371859			6.1915197399
"Angola"	"AGO"	3.0120761749	3.1419662231	14.4905487824	3.3082779221	11.1828077629	18.2615484949	20.7350198031	22.5931061137	13.8170989633	2.4129116149	3.407643628	11.4172327602
"Antigua and Barbuda"	"ATG"	5.6808569069	-3.1200243224	2.8950241517	6.5842198808	4.9126009638	6.1148829023	12.9137904846	9.4989470895	0.0711107677	-12.0360144879	-7.1429918139	2.3648093727
"Argentina"	"ARG"	-0.7889989222	-4.4088396976	-10.8944848199	8.8370407834	9.029573322	9.178950217	8.4660627118					2.9056759325
"Armenia"	"ARM"	5.9	9.5566414955	13.1863005321	14.040795056	10.467841864	13.8657112515	13.1980035141	13.7492019584	6.9	-14.1499886386	2.0963658917	8.5558688471
"Aruba"	"ABW"	-0.3646957787	-2.1644594089	0.4652898655	7.5194723733	1.1766904837	0.3803909714	2.355119443	-3.6546262419	-6.8813020636	-5.6535020861		-0.8446457886
"Australia"	"AUS"	3.846027789	1.8994801309	3.9131099686	3.1509029925	4.1474591959	3.1868765471	3.0427413913	3.7879906028	3.7689271325	1.6481594493	2.0875759955	3.4494682402
"Austria"	"AUT"	3.6675888356	0.8574026009	1.6937298632	0.8659194452	2.5895798537	2.4006723593	3.6697902925	3.7059487645	1.4362590957	-3.7826564351	2.0509275797	1.8946752956
"Azerbaijan"	"AZE"	11.1	9.9	10.6	11.2	10.2	26.4	34.5	25.049	10.8	9.3	5	16.1623010342
"Bahamas, The"	"BHS"	4.1492463998	2.625627121	2.7046295125	-1.2647446288	0.8828842326	3.3952926695	2.516863841	1.4465222153	-2.3239372479	-4.1752591752	0.9879863264	1.0615715259
"Bahrain"	"BHR"	5.2999934497	4.6	5.26	7.2	5.6	7.8	6.7	8.34	6.3	3.1	4.5	6.4771045961
"Bangladesh"	"BGD"	5.9445067699	5.2740141143	4.4154109226	5.2559942715	6.2705029005	5.9554784735	6.6293371749	6.4278425208	6.1904315531	5.7411586257	6.0693398645	6.4338691935
"Barbados"	"BRB"	2.3117743496	-5.0540466318	-3.5454646268	2.0079909617	3.6858491471	3.1824375336	3.4192216709	0.4776821242	0.1800000101	-5.3000000231		0.089228499
"Belarus"	"BLR"	5.8	4.7253060063	5.0452673176	7.0431926752	11.449742927	9.4409036305	9.9979866937	8.6473156589	10.2482459209	0.1635351589	7.7	8.0048446158
"Belgium"	"BEL"	3.6696909963	0.8077116773	1.3597381719	0.8069204327	3.2742442003	1.7510690018	2.6664042018	2.8833052992	0.9851813366	-2.7871836527	2.4160911672	1.7689989301
"Belize"	"BLZ"	13.0387673904	4.9571736741	5.0987475229	9.321356964	4.6205406457	3.0279893426	4.6530478083	1.3403621773	3.4916109656	0	2.9	5.1954397418
"Benin"	"BEN"	4.8616675599	6.2484105551	4.421114337	3.8825083411	3.1198571084	2.865236818	3.7521544747	4.6263964705	5.018430261	2.6665153976	2.5528178414	4.4037557434
"Bermuda"	"BMU"	9.3171555765	7.2224360086	-1.4777903746	3.4107062041	2.3212664765	1.6742071493	5.5438659281	2.741647626	0.8131783977	-5.0888065656	-2.1520137918	2.3485395412
"Bhutan"	"BTN"	6.9330240229	8.2037738851	10.7278408629	7.6643339534	5.8964080472	7.1225598511	6.8493658136	17.9258250159	4.6693643818	6.7279856827	11.6775275779	9.4180493269
"Bolivia"	"BOL"	2.5078109881	1.6837990341	2.4855658153	2.7113398321	4.173295561	4.4214330999	4.7970087386	4.5643844827	6.1484978102	3.35699943	4.1267227475	4.0970564231
"Bosnia and Herzegovina"	"BIH"	5.5	4.4	5.3	4	6.1	5	6.2	6.838	5.42	-2.91	0.6999999986	4.6236001285
"Botswana"	"BWA"	5.8855794201	3.544101928	9.0093740114	6.2750748427	5.9778573037	1.6422936962	5.1357045245	8.8838885411	3.6996177631	-7.8784518797	8.1244612157	4.9282242412
"Brazil"	"BRA"	4.3057457155	1.3148961209	2.6559742668	1.1467490643	5.7139169159	3.1563523881	3.9554152693	6.0954549768	5.1692990144	-0.3282480399	7.5336154529	4.0517778732
"Brunei Darussalam"	"BRN"	2.84942187	2.7440414041	3.8720972384	2.9039550348	0.5043179434	0.38750691	4.3977204324	0.1545814603	-1.9388802216	-1.7653714937	2.5989659115	1.6487431504
"Bulgaria"	"BGR"	5.7	4.2	4.7	5.5	6.7	6.4	6.5	6.4	6.2	-5.5	0.4	4.6605269162
"Burkina Faso"	"BFA"	1.8470213348	6.5853743501	5.1437851793	7.8024938906	4.4784521359	8.661873228	6.7678094541	3.6062065626	5.8000050651	2.9654391452	7.9396987386	6.1535873076
"Burundi"	"BDI"	-0.8568640572	2.0558071064	4.4465194211	-1.2237279582	4.8336577615	0.9	5.3846573982	4.7858319509	5.0481187822	3.4684254271	3.7859025423	3.2393667909
"Cambodia"	"KHM"	8.766785439	8.0386316291	6.6878808481	8.5058987889	10.3405287268	13.250085557	10.7710871626	10.212571808	6.6915774746	0.0866969594	5.9630785752	8.9114655494
"Cameroon"	"CMR"	4.1999963318	4.5142710867	4.0090445712	4.0309933155	3.7018540543	2.2966544407	3.222146585	3.3835655706	2.5575391108	1.9751533149	3.2999999996	3.7220705071
"Canada"	"CAN"	5.2332886461	1.7838012203	2.924529481	1.8810743296	3.1199769792	3.0190573454	2.8230327286	2.2000213556	0.6887268734	-2.7697681799	3.2149484078	2.3946052435
"Cape Verde"	"CPV"	7.2669518909	6.1376149479	5.2824933678	4.6832273088	4.28	6.5208922741	10.1417637632	8.6491611621	6.1976267188	3.7126420995	5.2096350577	6.8116139741
"Cayman Islands"	"CYM"												"#NUM!"
"Central African Republic"	"CAF"	-2.5000142251	0.6	-0.5999055606	-7.1	1	2.4	3.8	3.7	2	1.7	3.2999999993	0.7772244432
"Chad"	"TCD"	-0.8796810208	11.658134649	8.4912098235	14.7216670103	33.6293718504	17.3325337361	0.2	0.2	-0.4	-1.2	13	9.2004330465
"Channel Islands"	"CHI"	5.8266414688	-1.5129612603	-1.6322065976	-3.202156942	0.2241973963	1.377734157	4.8822993641	5.8983296615				1.6315277966
"Chile"	"CHL"	4.495792997	3.3481803906	2.1669086339	3.9567484815	6.0410867392	5.5594525308	4.5899493196	4.6002848729	3.6623262411	-1.0364317614	5.7629724497	4.3034958148
"China"	"CHN"	8.4	8.3	9.1	10	10.1	11.3	12.7	14.2	9.6	9.2	10.4	11.3717373137
"Colombia"	"COL"	4.4199929996	1.6778983077	2.5039804655	3.9182719036	5.3330220675	4.7065559338	6.6975152577	6.9006276554	3.5468048858	1.6515492453	3.9718007047	4.5269339871
"Comoros"	"COM"	1.4178526608	3.3292085725	4.1494145975	2.474617737	-0.2399341076	4.2298856076	1.2421504586	0.4909909399	0.974927219	1.8102183012	2.0512295543	2.1849952727
"Congo, Dem. Rep."	"COD"	-6.9109273154	-2.100008082	3.4684762478	5.7913013237	6.6398961386	7.8007371547	5.5812570774	6.2577545991	6.1550437535	2.8343844681	7.1742031742	4.1740990012
"Congo, Rep."	"COG"	7.5759803922	3.8026019002	4.5818700615	0.8132640747	3.4766316228	7.755758978	6.2359970127	-1.5822227525	5.5722641772	7.46887803	8.7516557995	5.4094162968
"Costa Rica"	"CRI"	1.8008309385	1.0764026248	2.9021818464	6.4045101321	4.2594569307	5.8863762352	8.7796384083	7.9353405147	2.7316253192	-1.0157235805	4.9543205268	4.5375514074
"Cote d'Ivoire"	"CIV"	-3.7002046922	-0.0212304708	-1.4308081535	-1.555364663	1.793855153	1.2559679587	0.6839707086	1.7146717318	2.33	3.749993171	2.3943827508	0.6982611752
"Croatia"	"HRV"	3.750387794	3.6559979454	4.8782657074	5.3710676298	4.1284372373	4.2798058053	4.9352396937	5.0599293506	2.0843375191	-6.9472047406	-1.4051470205	2.9120395514
"Cuba"	"CUB"	5.9158657143	3.1822301859	1.4285908098	3.791364597	5.7708788412	11.2017130778	12.0658060169	7.2621369665	4.1168280416	1.4491167632	2.0646358302	5.7774075394
"Curacao"	"CUW"												"#NUM!"
"Cyprus"	"CYP"	5.0428027153	4.0255516004	2.0912362611	1.934070122	4.2246938966	3.909963232	4.1253128506	5.1305428927	3.6266162094	-1.6661594644	1.3	3.359665849
"Czech Republic"	"CZE"	4.1856505056	3.097349644	2.149300055	3.766174432	4.7425908456	6.7524507915	7.0203808917	5.7351307344	3.0990016934	-4.5071388017	2.492442735	3.8114072912
"Denmark"	"DNK"	3.528655889	0.7048341026	0.4658482802	0.3838311633	2.2964870435	2.4451479241	3.3947103945	1.5832620857	-0.7838522252	-5.6663155908	1.5772420022	0.9604152296
"Djibouti"	"DJI"	0.416213964	2.0477643749	2.6185623979	3.1999593275	3.8264760879	3.169601156	4.7998646827	5.1000613874	5.7999626186	4.9995031413	3.5	3.9429277883
"Dominica"	"DMA"	-5.606353479	-0.0658183331	-2.1315113151	7.3923187431	3.0296164288	-0.8174605227	9.5124778913	5.9562769864	7.8161530633	-1.1298334551	1.2004509299	2.4045391164
"Dominican Republic"	"DOM"	5.6566048863	1.8092294846	5.7882073121	-0.2533588055	1.3119582174	9.262750072	10.6711548464	8.4746247783	5.2556494441	3.4540544589	7.7512208664	5.8748944992
"Ecuador"	"ECU"	1.0918015644	4.0156298996	4.0967766589	2.722877337	8.2110209173	5.291308267	4.4035264338	2.1900639722	6.3571305999	0.5664915921	2.8495557697	4.1628654252
"Egypt, Arab Rep."	"EGY"	5.3680059852	3.5352256719	2.3704890879	3.193517698	4.0920716113	4.4717444717	6.8438381938	7.0878274268	7.1562835661	4.6861295577	5.1466187911	5.3957812993
"El Salvador"	"SLV"	2.1528797295	1.7092431817	2.3401877735	2.3000382702	1.8505355829	3.562814501	3.9119486446	3.839765177	1.2742273011	-3.1330462817	1.3647836673	2.1007910516
"Equatorial Guinea"	"GNQ"	12.4526806973	63.3798754277	19.4628340326	13.9552503201	37.9987268548	9.7487275997	-16.1617643482	21.9047619048	16.7542016807	0.826585695	-1.6981763426	16.1791528752
"Eritrea"	"ERI"	-3.1419867462	8.7554363133	3.0054286506	-2.6555153642	1.4517343625	2.5744496012	-0.9692163728	1.4268217503	-9.7830297463	3.8765019203	2.1941897692	0.5590462959
"Estonia"	"EST"	9.6971748629	6.2816443883	6.5604285342	7.7653867125	6.342836963	8.8534966273	10.0973433022	7.4922039033	-4.1513553349	-14.0722192913	3.3303644212	4.5533836353
"Ethiopia"	"ETH"	6.0728590619	8.3014321844	1.5147165192	-2.1610824818	13.5723612957	11.8188444231	10.8346293961	11.4560153491	10.7885541121	8.8024865433	9.9373453188	9.0215801093
"Faeroe Islands"	"FRO"												"#NUM!"
"Fiji"	"FJI"	-1.7	2	3.2	1	5.3	0.7	1.852483331	-0.8506544552	1.0327947891	-1.2723675713	-0.1814567682	1.0877754028
"Finland"	"FIN"	5.3237513246	2.2837474942	1.834129602	2.0124333667	4.1248709643	2.9160598664	4.4105923308	5.335225212	0.2935704448	-8.5386125733	3.3241799851	2.2574144005
"France"	"FRA"	3.6799467332	1.835734121	0.9288735528	0.8995044096	2.544735449	1.8264867764	2.4669057366	2.2854145973	-0.0806676064	-3.1470513838	1.7248545443	1.4813026162
"French Polynesia"	"PYF"	4.0000003434											"#DIV/0!"
"Gabon"	"GAB"	-1.8829663963	2.1316799528	-0.2671542553	2.4751921835	1.3460156004	3.0215958568	1.1811876896	5.5533538866	1.0000000011	-2.9	6.7	1.7975585675
"Gambia, The"	"GMB"	5.5	5.8	-3.2500003785	6.87	7.05	-0.9416761496	1.1240996194	3.631025832	5.7346419752	6.4496958433	6.5262974436	4.3971295474
"Georgia"	"GEO"	1.8383411467	4.8054517419	5.4738393935	11.0581010118	5.8573302376	9.5996405751	9.3832766124	12.344	2.3140470959	-3.7757739611	6.2530275808	6.4285651553
"Germany"	"DEU"	3.057649432	1.5143710724	0.0101481632	-0.3754439371	1.1611326136	0.6846556585	3.7	3.269045323	1.0832010458	-5.1270207852	4.1577409932	1.28047276
"Ghana"	"GHA"	3.7	4	4.5	5.2	5.6	5.9000038481	6.4	6.4597355801	8.4305040827	3.9914725763	8.0085931907	6.2242943015
"Greece"	"GRC"	4.4774057029	4.1970463592	3.4391483666	5.9433757897	4.3676319728	2.2803436885	5.5107619529	3.5361279181	-0.2140025065	-3.1356306925	-4.9431550391	2.4849343446
"Greenland"	"GRL"	7.1015970099	1.269035533	-0.9711779449	-0.3796267004	2.6675134963	1.9795855243	4.4689808917	5.5130597792	0.3459090843	-5.4119862937		1.7798963393
"Grenada"	"GRD"	3.4032781919	-2.0949810884	3.6474737118	9.6399172927	-1.0285656754	13.5154877587	-4.6979311079	6.123452011	0.9482151538	-6.659383915	-0.3522900552	2.0700199025
"Guam"	"GUM"												"#NUM!"
"Guatemala"	"GTM"	3.6088687004	2.3325443008	3.8666383631	2.5308379552	3.1520305128	3.2601626923	5.3797339283	6.3040721448	3.2810953119	0.5260377542	2.9099642308	3.7102234345
"Guinea"	"GIN"	2.5030605615	3.6583464707	5.164609466	1.2486012603	2.340117312	2.9972725617	2.4967285689	1.7576823508	4.9369327094	-0.2801922865	1.9362174227	2.8676198672
"Guinea-Bissau"	"GNB"	3.641641149	7.2248791751	1.9993541759	-4.9383425363	-0.7475838782	4.9237801013	-1.9818395455	6.0388221844	10.4611711667	1.119169577	1.7184015556	2.85518212
"Guyana"	"GUY"	-1.3767275012	2.2499992921	1.0510007718	-1.0052552821	3.293924792	-1.9569111313	5.1296093465	-3.6405173241	1.9766470578	3.3186241704	4.3708694171	1.3016548702
"Haiti"	"HTI"	0.8752399232	-1.0426973133	-0.261498231	0.3624305984	-3.5113330772	1.7916865743	2.2529922553	3.3432790146	0.8439443293	2.8776978417	-5.4160125589	0.1751958099
"Honduras"	"HND"	5.7481481481	2.7232188049	3.7543488771	4.5470360463	6.2323220905	6.0508796552	6.5669332927	6.1883271668	4.2316001101	-2.1297640751	2.7725944579	4.6467387085
"Hong Kong SAR, China"	"HKG"	7.6634220715	0.5608806157	1.656717796	3.0563036559	8.700113728	7.388220331	7.0326230463	6.4647946675	2.1278986094	-2.4591047124	6.7932836952	4.8453514836
"Hungary"	"HUN"	4.2252375262	3.7122030351	4.5061082907	3.8504236272	4.7971861139	3.9644340015	3.8971612818	0.1146991555	0.8941516007	-6.7986245128	1.2581528755	2.3860281985
"Iceland"	"ISL"	4.3246608247	3.9216019517	0.1389602878	2.4344129075	7.835800887	7.2299809597	4.7089707823	5.9850002091	1.1880633984	-6.5653462674	-4.0981748466	2.6103905206
"India"	"IND"	3.9750526726	4.9442263569	3.9075339896	7.9439945847	7.8487916858	9.2848819429	9.2639647589	9.8013603367	3.8909570625	8.4797838969	10.5463920022	7.9857477999
"Indonesia"	"IDN"	4.9200645973	3.6434664472	4.4994753909	4.7803691217	5.030873945	5.6925713038	5.5009517852	6.3450222445	6.0137025026	4.6288740781	6.2238523229	5.7393192813
"Iran, Islamic Rep."	"IRN"	5.1431625361	3.6696719483	7.5155981583	7.1146812168	5.0840515139	4.6234054025	5.8939360988	7.8247883186	2.3	1.8		5.658284967
"Iraq"	"IRQ"	-4.3	-6.6	-7.8	-41.3	46.5	-0.6999995787	1.3775981476	1.3775981476	6.6088648666	5.8089665601	5.8571877604	-1.4552515899
"Ireland"	"IRL"		5.2962073	5.6376664863	3.8846477601	4.3627296869	5.8761316055	5.4043564677	5.4450865559	-2.1085663046	-5.4563631675	-0.7662344336	2.9871607684
"Isle of Man"	"IMN"	5.3383642786	5.3761663344	5.868974884	6.3277788827	5.2	5.9	7.7	7.5				7.0561124858
"Israel"	"ISR"	9.2548781151	-0.223359908	-0.5755342532	1.5121847912	4.8443178865	4.9404351507	5.5942276313	5.4968007788	4.0282916603	0.8370687094	4.8459253376	4.0200747684
"Italy"	"ITA"	3.653596071	1.8626274499	0.4514362528	-0.0465783005	1.7306652777	0.9312671361	2.1989238036	1.6830627399	-1.1562314862	-5.4944073153	1.7232884524	0.7245373496
"Jamaica"	"JAM"	0.8787035464	1.3449295556						1.4	-0.8	-3.5	-1.5	-0.4542007988
"Japan"	"JPN"	2.2574953022	0.3554617148	0.2895484509	1.6851117218	2.3607301135	1.3027281443	1.6929042449	2.1921862325	-1.0416360344	-5.5269764887	4.6521118556	0.9885271963
"Jordan"	"JOR"	4.2445627515	5.2692962871	5.7857957544	4.1780748279	8.5589511475	8.1213075737	8.1079108257	8.1757183267	7.2324086806	5.4834453395	2.3070557644	6.7465619001
"Kazakhstan"	"KAZ"	9.8	13.5	9.8	9.3	9.6	9.7	10.6999999999	8.8999999991	3.3000000009	1.2000000002	7.2999999991	9.2922568775
"Kenya"	"KEN"	0.5996953928	3.7799064969	0.5468595283	2.9324755456	5.1042997786	5.9066660778	6.330632808	6.9932851529	1.5269488177	2.7352125087	5.7649029752	4.2037097038
"Kiribati"	"KIR"	7.2425066918	-3.0741403379	6.1903700234	4.5024413159	0.9096768606	-2.4593570494	-0.4108002331	2.1152095705	-2.358617372	-2.3496594696	1.4	1.1063641433
"Korea, Dem. Rep."	"PRK"												"#NUM!"
"Korea, Rep."	"KOR"	8.4861941139	3.9734787579	7.1500175152	2.8027759238	4.6190203785	3.9571537031	5.1786849188	5.1058239721	2.2983760309	0.3194996253	6.3202540359	5.007030835
"Kosovo"	"KSV"		26.9739161086	-0.7009507946	5.4200447302	2.6121258329	3.8442900985	6	6.3	6.9	2.9	3.9	6.9058124321
"Kuwait"	"KWT"	4.6945820906	0.7290264693	3	17.32	10.2	10.6	5.2	4.373	4.97	-5.15	3.41	5.7911607249
"Kyrgyz Republic"	"KGZ"	5.4266737658	5.3215843472	-0.0173530419	7.030296039	7.0268596863	-0.1755481894	3.1028987346	8.5428747426	8.4016160936	2.886294568	-0.4715666034	4.6608267037
"Lao PDR"	"LAO"	5.7987823263	5.7514128816	5.9187490732	6.066996905	6.3576954801	7.1075683692	8.6192662088	7.5968288003	7.8249027625	7.5017749129	8.526905517	7.7280381154
"Latvia"	"LVA"	6.9139113147	8.043498761	6.4725223622	7.1959393315	8.6777973964	10.600912176	12.2332315774	9.9776113567	-4.2435526671	-17.9549938657	-0.3435035635	4.3542116073
"Lebanon"	"LBN"	1.3440665297	3.953516126	3.3738765479	3.2373903802	7.4788023163	1	0.6005882047	7.5008523851	9.2725081343	8.5	7	5.2898817252
"Lesotho"	"LSO"	5.1403383351	4.2292044092	0.5323754443	4.6911549619	2.2917768739	2.7044995973	4.3074459637	4.7334648417	5.7334679283	3.5948403468	7.8689528475	4.5743748401
"Liberia"	"LBR"	25.6999988331	22.0958531464	31.8925745948	-32.8321115044	-5.109791656	9.4813159874	9.7793403488	15.688039671	10.5311928151	13.761594748	10.9425021956	9.6066035647
"Libya"	"LBY"	3.7	-4.3	-1.3	13	4.4	9.9	5.9	6	3.8	2.1		4.691676814
"Liechtenstein"	"LIE"	3.2201902885	-0.7330916589	-0.9939191785	-1.9375645929	3.0391717571	4.8280765683	8.6449689205	3.3259622275	1.7980892985	-1.157481706		2.1753754099
"Lithuania"	"LTU"	3.2507222356	6.7357139109	6.8635223025	10.246683318	7.3507831191	7.8022328652	7.8448282338	9.8398019501	2.9274481279	-14.7417126237	1.3301928053	4.6983070216
"Luxembourg"	"LUX"	8.4418523231	2.5178553149	4.0901601883	1.6654921393	4.370610971	5.2530008206	4.9359916748	6.5880441764	-0.7345774186	-4.0776612363	2.9149644354	3.5433386728
"Macao SAR, China"	"MAC"	5.7	2.9	8.9033883484	12.5859393074	26.8818963299	8.5586435476	14.4223443977	14.3286695539	3.3909620476	1.7123153817	27.4986497769	12.4115062878
"Macedonia, FYR"	"MKD"	4.5490383705	-4.5253379071	0.8534901777	2.8164851339	4.6272966184	4.3521665407	5.030638665	6.1488663038	4.9500121937	-0.9202677495	2.8932909821	3.0313540563
"Madagascar"	"MDG"	4.7600650951	6.0178244008	-12.6737881363	9.7848921217	5.2570036217	4.6028800592	5.0225931041	6.2407023593	7.1283391118	-4.1273525416	0.5280135823	3.0508635983
"Malawi"	"MWI"	1.5760778408	-4.9749638427	1.7	5.5	4.8516376814	2.8397782252	2.0620051058	9.4914184078	8.3389115096	9.0358352701	6.5333624357	4.6170038562
"Malaysia"	"MYS"	8.8588681022	0.5176753152	5.3909883153	5.7884992809	6.7834377363	5.3321391392	5.5848470689	6.2987859274	4.8317698951	-1.5135287266	7.1538455432	5.4731737203
"Maldives"	"MDV"			6.0979433625	14.1533885071	12.4810706042	-8.6750005198	19.5855754203	10.5563609272	12.1985755022	-3.6350417719	7.0587576318	8.3819631298
"Mali"	"MLI"	3.2	12.1	4.1533189397	7.4413949972	2.1855202403	6.0797943509	8.578286908	4.2981781762	4.9785291631	4.4574219864	5.8193148285	6.3108653247
"Malta"	"MLT"	6.7701938099	-1.5498885863	2.8115883714	0.1320874713	-0.5032245456	3.6656027498	2.2239064017	4.2792270979	4.3635717301	-2.6525876567	2.7117457957	2.1872942379
"Marshall Islands"	"MHL"	5.8906760387	5.3633800563	2.6159026791	0.1700649588	-0.0554124589	2.6219758001	1.8825794134	3.049490956	-1.9304906592	-1.3313390253	5.2022101036	2.314775949
"Mauritania"	"MRT"	-0.4304062563	2.0087969246	0.6647719621	5.9787284592	5.7472189998	8.9694008393	18.869111253	1.6143819825	3.517003842	-1.220190914	5.0831280309	4.9462962398
"Mauritius"	"MUS"	9.0266140618	2.5735703131	2.1133132774	3.6568564166	5.7457674929	1.2413875657	3.9476530246	5.8752309101	5.5167418512	3.0327884432	7.6831077264	5.0249043563
"Mexico"	"MEX"	6.6019843512	-0.1569841936	0.826684579	1.3515286297	4.0534393305	3.2054321025	5.1501521357	3.2602468031	1.190604528	-5.9539409985	5.2811445239	2.424115429
"Micronesia, Fed. Sts."	"FSM"	4.5632286569	1.7471869832	0.5999153226	1.8258550969	-3.2312656215	2.1605549195	-0.1633987788	-2.0596881601	-2.5596225452	0.9619575572	2.5305617557	0.6091942393
"Moldova"	"MDA"	2.1	6.1	7.8	6.6	7.4100630439	7.5013895778	4.7846546174	3.0679435267	7.7648464138	-5.9895798605	7.0940717619	5.3517120644
"Monaco"	"MCO"	3.910231911	2.1877293726	1.0264968358	1.0875354877	2.4704862134	1.8954137842	5.0493462022	14.5824423177	10			5.1915705208
"Mongolia"	"MNG"	1.1460621347	2.9527105449	4.7329784666	7.0046345747	10.6254059574	7.2536654425	8.5562348074	10.2480163587	8.9003679489	-1.268598942	6.3651616849	6.6018995635
"Montenegro"	"MNE"	3.1	1.1	1.9	2.5	4.4	4.2	8.6	10.7	6.9	-5.7	2.5	3.9361629417
"Morocco"	"MAR"	1.5925676725	7.5519519887	3.3160359148	6.3169670489	4.8018664102	2.9785124103	7.7598521552	2.7057743828	5.5870560818	4.7583470249	3.6429747642	5.0934674686
"Mozambique"	"MOZ"	1.0909819999	11.8989251037	8.8169582967	6.0237301462	8.7701813748	8.6726660736	6.3212192176	7.2820004902	6.8296190742	6.3353399368	7.084660132	7.9073815965
"Myanmar"	"MMR"	13.7459305557	11.3440344993	12.0255186443	13.8439950542	13.6419060693							16.3970853654
"Namibia"	"NAM"	3.4884517853	1.1803698104	4.7870812022	4.239333114	12.271794602	2.5281754493	7.0729923671	5.3742556507	3.3764760689	-1.0893843803	5.9645021988	4.8740622247
"Nepal"	"NPL"	6.2	4.7997626376	0.1202668974	3.9450377673	4.6826032454	3.4791810463	3.3593911669	3.4117	6.1046	4.5331	4.8164	4.5412039814
"Netherlands"	"NLD"	3.9410368487	1.9258566006	0.0763132926	0.3356039954	2.236514565	2.0464668831	3.3941882366	3.9206304054	1.8040587697	-3.6675765718	1.6292051756	1.7423067324
"New Caledonia"	"NCL"	2.1001088423											"#DIV/0!"
"New Zealand"	"NZL"	2.2556179775	3.5812066771	4.8841937765	3.891440853	3.512031283	3.2165278115	1.6902691826	3.5625480694	-1.8508637845	0.9425160698	0.236521891	2.5762163263
"Nicaragua"	"NIC"	4.1015901562	2.9608435143	0.7539389346	2.5207329248	5.3121704903	4.2823983256	4.1520691997	5.0289923274	3.995380968	-2.1785943209	3.6226853665	3.4373214833
"Niger"	"NER"	-1.4095093498	7.1043406114	2.9991220343	5.3	0.1	4.5	5.8	3.1465703956	9.5876732095	-0.9057196927	-7.962843867	2.7109699854
"Nigeria"	"NGA"	5.4	3.1	1.5489227806	10.3	10.6	5.4	6.2	6.4498281068	5.9836635883	6.9597780592	7.9760749564	6.9794174364
"Northern Mariana Islands"	"MNP"												"#NUM!"
"Norway"	"NOR"	3.2535824432	1.9900443712	1.5020974229	0.9808794213	3.9610305115	2.5889355801	2.2987819228	2.6530261914	0.0675707536	-1.6348853263	0.4781120869	1.8027786383
"Oman"	"OMN"	5.4013727246	7.481596829	2.568324004	0.3	3.4	3.994	5.5	6.8	12.8	1.1	4	5.2916835371
"Pakistan"	"PAK"	4.2600880109	1.9824840327	3.2244299725	4.8463209358	7.3685713582	7.6673042725	6.1775420358	5.6831162577	1.5959808308	3.5953552097	3.5468053775	4.9864418382
"Palau"	"PLW"	0.3	4.9542011835	2.7500336695	1.2947533216	4.7838629656	3.4773698696	-1.5244416275	0.6391808781	-5.3004635584	-10.6026888126	-0.7625229773	-0.1092430631
"Panama"	"PAN"	2.7153735671	0.5742729247	2.2288872178	4.2057633585	7.5220803099	7.1912788567	8.52776116	12.1126612681	10.1174170588	3.8561901191	7.4522054068	6.6091320822
"Papua New Guinea"	"PNG"	-2.4948417292	-0.1212887576	-0.1589003578	2.1641021229	2.7211754587	3.596104216	2.5845005147	7.2	6.7	5.5	8	3.5196696015
"Paraguay"	"PRY"	-2.3141405688	-0.8340547128	-0.0214043981	4.3207454864	4.057418362	2.1334906666	4.8071171927	5.4216228722	6.3591207932	-3.9656954641	13.0930015227	3.2017479687
"Peru"	"PER"	2.9505929444	0.2148947394	5.0201831833	4.0322790602	4.9767312725	6.8266886576	7.7404896313	8.9052901497	9.8037071287	0.8616950315	8.794749774	5.9779208025
"Philippines"	"PHL"	4.4112125076	2.8939924104	3.6458981398	4.9703637315	6.6976364262	4.7776634608	5.2429530404	6.6166685045	4.1527571457	1.1483304089	7.6322639153	5.2148301897
"Poland"	"POL"	4.2598033914	1.2053016075	1.4434991867	3.8671593836	5.3447997761	3.617049813	6.2274865708	6.7852732609	5.1265490929	1.6	3.9	4.328674548
"Portugal"	"PRT"	3.9155840697	1.9747508969	0.7644337544	-0.9111161285	1.5603315729	0.7750755532	1.4482936951	2.365354225	-0.0085023582	-2.9083574355	1.9364096944	1.0754021422
"Puerto Rico"	"PRI"	6.3147310206	1.5	2.1704785524	2.341031888	1.9870516616	-1.9870972188	-1.4095894263	-1.1623346525	-1.8442696872	-1.9524251417	-0.4132541185	0.5211435234
"Qatar"	"QAT"		3.3277223877	7.1334586466	3.4900722286	20.843164126	7.6	18.6	18	17.7	12	16.6	13.8132307451
"Romania"	"ROU"	2.1000017312	5.7000024083	5.1000003336	5.1999982171	8.3999917059	4.1722973203	7.9	6	7.9267237606	-6.5759973735	-1.6490251534	4.332451713
"Russian Federation"	"RUS"	10	5.0919842313	4.7436698968	7.2958543306	7.1759491927	6.376187027	8.1534319729	8.5350802091	5.2479535322	-7.8208850268	4.5037256256	5.8328074184
"Rwanda"	"RWA"	8.3187049488	8.6689542006	13.5105298913	1.4513353782	6.9463903842	9.0257188168	8.5519804155	7.6332981905	11.1612473235	6.2440095755	7.2186919981	8.8657007305
"Samoa"	"WSM"	7.0253739549	7.0915518897	4.4082357824	4.7638602314	4.7920602486	4.1457285148	1.9875530155	1.8	4.3	-5.1	0.4	3.5079539796
"San Marino"	"SMR"	2.1828103683	5.6074766355	0.2528445006	3.9092055485	4.6116504854	2.3201856148	3.8548752834	3.4934497817	1.8987341772			3.510437448
"Sao Tome and Principe"	"STP"			1.9897338601	6.7354052362	4.5482046991	1.6323528853	5.2204077609	1.9957354688	9.0745663366	4.0228818057	4.5114108929	4.9515725654
"Saudi Arabia"	"SAU"	4.8645732911	0.5474387936	0.1280514817	7.6590795403	5.2669170905	5.5536784968	3.1577759791	2.0171730582	4.2286932349	0.0965157457	4.6419098143	3.7924748883
"Senegal"	"SEN"	3.1989880796	4.5809164196	0.6548036933	6.6612633041	5.9005284985	5.6270887627	2.5279915501	4.8563883948	3.7041900125	2.0910702173	4.1336984564	4.3867856637
"Serbia"	"SRB"	5.3393671131	5.3	4.1227058678	2.6745310823	9.3	5.4	3.6000000012	5.4	3.8	-3.5	1.0095430338	4.2023578717
"Seychelles"	"SYC"	4.2033547153	-2.2711631108	1.2989045383	-6.3262783871	-2.4779455147	9.0057611789	9.4061283621	10.0975616499	-1.8705314188	-0.1563665768	7.125746353	2.6481740486
"Sierra Leone"	"SLE"	6.652727885	-7.1403197158	26.2685766055	9.3823849667	6.4175366869	4.3324843949	5.6555290305	8.042559431	5.3246732702	3.2499391615	5.4412465591	7.1122673501
"Singapore"	"SGP"	9.0429204389	-1.1543981001	4.2019577853	4.5802530676	9.1590963574	7.3703976481	8.6229071433	9.0195497369	1.7476449973	-0.7867967937	14.780786008	6.5666644009
"Sint Maarten (Dutch part)"	"SXM"												"#NUM!"
"Slovak Republic"	"SVK"	1.3683919445	3.4819899311	4.5828924288	4.7750270317	5.0578042267	6.6552172621	8.3454076049	10.4939356104	5.7504775641	-4.9315841725	4.1829001594	4.909789856
"Slovenia"	"SVN"	4.2655308769	2.9396336223	3.8268506848	2.9300494692	4.4018069214	4.0072559231	5.8496026323	6.8701891543	3.5892877079	-8.007858712	1.379539352	3.1313871408
"Solomon Islands"	"SLB"	-14.2674834099	-7.9785650491	-2.8	6.5	4.898370946	5.4211932324	6.9466499983	10.7	7.3	-1.2	7	1.9483583375
"Somalia"	"SOM"												"#NUM!"
"South Africa"	"ZAF"	4.1545885216	2.7354231498	3.6678376111	2.9490744247	4.5545434037	5.2771169916	5.6037176926	5.5477569147	3.622103	-1.5263469404	3.0866356595	3.9547895093
"South Sudan"	"SSD"										4.3131712234	4.2173328357	8.7124048453
"Spain"	"ESP"	5.0498153264	3.6694305667	2.7101824376	3.0894415968	3.2593010694	3.5836461451	4.0762214368	3.4791846558	0.8916965212	-3.7447554119	-0.3198290174	2.5459985694
"Sri Lanka"	"LKA"	6	-1.5453728661	3.9646564959	5.940269077	5.4450612789	6.241748044	7.6674678666	6.7976434887	5.9500433564	3.5389558233	8.0159594058	5.7827677557
"St. Kitts and Nevis"	"KNA"	-0.394635354	5.2365367529	1.91259372	-1.4487469515	4.3580300635	9.8634388721	5.7848434004	2.8269595487	4.6237949393	-6.0126554971	0.2298258113	2.6111514208
"St. Lucia"	"LCA"	1.3297994723	-4.7963799982	0.1111160333	4.4490255729	8.3966096213	-1.8933386509	8.574099447	1.622051853	5.1096125463	0.3569433294	0.2269014235	2.2675824558
"St. Martin (French part)"	"MAF"												"#NUM!"
"St. Vincent and the Grenadines"	"VCT"	-0.5206754429	1.649269815	6.2603031208	7.5849407246	4.1610216205	2.4623027176	7.6255388261	3.2982282007	1.6160279551	-2.2933422202	-3.352998941	2.7853439641
"Sudan"	"SDN"	8.3791836621	6.1654407424	5.3605430905	7.144825385	5.1137250864	6.3286161912	9.938862975	11.5157340202	3.0043135025	3.2321402973	3.477218623	6.9520297833
"Suriname"	"SUR"	-0.0686878144	4.5530784326	4.2999428844	6.0101550909	9.2560324501	4.5707141381	3.8421379423	5.1114878081	4.1434065252	3.0136986301	4.1396854764	4.8743369355
"Swaziland"	"SWZ"	1.7601739013	1.1578778226	1.7772046869	2.2400940105	2.9066843863	2.4633292903	3.3025616569	3.503652042	2.3575888875	1.2660296315	1.8664658557	2.4599923667
"Sweden"	"SWE"	4.452192565	1.2623104339	2.4834170777	2.3357018033	4.2348617099	3.1607849886	4.2971789664	3.3142453555	-0.6134161364	-5.027744594	6.5568450912	2.6009172435
"Switzerland"	"CHE"	3.6711879822	1.2431515963	0.1853698696	0.021085753	2.421136056	2.6949521219	3.7515567451	3.8457180673	2.1642559876	-1.9368307187	3.0337016839	2.0945526957
"Syrian Arab Republic"	"SYR"	2.7428573972	5.2009428097	5.9	0.6	6.9	6.2	5	5.7	4.5	6	3.2	5.1897341234
"Tajikistan"	"TJK"	8.2999985453	10.2	10.8	11	10.3	6.7	7	8	8	3.9	6.5	9.0839651703
"Tanzania"	"TZA"	4.9338466271	5.9978288571	7.163553537	6.8862265318	7.8282983814	7.3698712648	6.7373881648	7.1480955873	7.4368196637	6.0219521164	7.043072344	7.4782318832
"Thailand"	"THA"	4.7500703157	2.167264271	5.3175737514	7.1399753231	6.3440734959	4.6046989457	5.092898713	5.0443161482	2.4843004011	-2.3298485876	7.8105123947	4.8143921811
"Timor-Leste"	"TLS"	13.6592379583	-12.4288425047	2.4196460816	0.1057827927	4.1563930962	6.2225228272	-3.1468531469	11.6245487365	14.6345407503	12.7662575822	9.4696022017	5.6178315202
"Togo"	"TGO"	-0.7834796068	-1.6268062718	-0.9221510184	4.9543976569	2.1190653227	1.1804069534	4.0524125487	2.2904538888	2.2254534767	3.5103288149	3.995700241	2.0771792164
"Tonga"	"TON"	3.3698491177	3.60177671	3.4161078504	2.1565453338	0.9889471394	2.3831090995	-1.6081023213	-4.1375359946	1.2265370712	2.880474837	2.6902425025	1.6689193593
"Trinidad and Tobago"	"TTO"	6.1339607789	4.0946479089	8.0136120436	14.4335426572	7.9	5.7647586071	13.7436248897	4.7542175921	3.3917371262	-4.3917195602	0.2110495409	6.2838447703
"Tunisia"	"TUN"	4.7098601846	4.9087714399	1.8040851187	5.5522264472	6.106070459	4.0196703131	5.3499366387	6.3445986134	4.6162579094	3.0496951901	3	4.9474890362
"Turkey"	"TUR"	6.7744551675	-5.6974767616	6.1638397624	5.2652646143	9.3628088546	8.4016174719	6.8934901033	4.6685811303	0.6588409964	-4.8258799644	9.1569529293	4.5525812516
"Turkmenistan"	"TKM"	5.4690641196	4.3438455296	0.2571803513	3.2688285701	5.0004072974	13.0403632181	10.9670953505	11.0571758642	14.7	6.1	9.2	8.2765346603
"Turks and Caicos Islands"	"TCA"												"#NUM!"
"Tuvalu"	"TUV"	-0.9706687591	1.6340412957	7.8860916692	-3.3333663743	-1.3522474141	-3.7795745763	2.5884529197	6.0206023271	6.9292979372	-1.7101968083	-3.0012192379	1.0010704993
"Uganda"	"UGA"	3.1419073378	5.1836611265	8.7326857643	6.4732586713	6.8072333442	6.3325651166	10.784744386	8.4124259657	8.708751901	7.2510453162	5.8614767627	7.7758377529
"Ukraine"	"UKR"	5.9	9.2	5.2	9.4	12.1	2.7	7.3	7.9000007678	2.3	-14.8	4.2	4.8849518982
"United Arab Emirates"	"ARE"	10.8527042078	1.3990850229	2.433456814	8.800540817	9.5664366426	4.8551411953	9.9061920431	3.2132479661	3.2946366037	-1.6094296792	1.4321297728	5.3436805479
"United Kingdom"	"GBR"	4.2354634042	2.8853745704	2.4329185044	3.8148962389	2.9081250062	2.7742751859	2.6004272857	3.6326722574	-0.9678778254	-3.9744226429	1.799319905	2.1869933129
"United States"	"USA"	4.1732408436	1.0933761124	1.8279979787	2.5526061482	3.479774184	3.0756230824	2.6591214791	1.9072132978	-0.3590882809	-3.1090614788	2.3798266351	1.9492872309
"Uruguay"	"URY"	-1.9299306316	-3.8441299571	-7.7320072195	0.8052839198	5.004160357	7.4601320649	4.0985773982	6.5415108495	7.176144661	2.2454849209	8.947159427	2.7406326714
"Uzbekistan"	"UZB"	3.8	4.2	4	4.2	7.7	7	7.3	9.5	9	8.1	8.5	7.3312378973
"Vanuatu"	"VUT"	5.9220445389	-3.4885077587	-5.1112185687	4.2934311777	3.9847548313	5.3028523096	8.4651598652	5.1735132578	6.4504772336	3.3072428619	1.6326966172	3.5131558414
"Venezuela, RB"	"VEN"	3.6869441669	3.3942361078	-8.8556473529	-7.7553000496	18.2866066891	10.3179138043	9.8721491085	8.7535788079	5.277854124	-3.2023026575	-1.4887912508	3.5021110965
"Vietnam"	"VNM"	6.7873164082	6.8948964285	7.0801831036	7.3411716633	7.789604542	8.4417895623	8.228867443	8.4563430213	6.3106922383	5.3235954965	6.7834244475	7.9674929958
"Virgin Islands (U.S.)"	"VIR"												"#NUM!"
"West Bank and Gaza"	"PSE"	-5.5544486781	-14.7895309295	-10.0838810174	6.1135815105	6.2393384823	6.2801262944						-2.8139163295
"Yemen, Rep."	"YEM"	6.1819156099	3.8036458782	3.9352314928	3.7473981994	3.9726963894	5.5917480668	3.1704093713	3.3384279473	3.6475694744	3.8662295171	7.7023070491	4.8969341491
"Zambia"	"ZMB"	3.5169574959	4.8944659718	3.3174502861	5.1275025205	5.4036207891	5.3413791524	6.2464924141	6.1628101642	6.0481613126	6.0446403932	7.6201634339	5.9810249605
"Zimbabwe"	"ZWE"	-3.0591897517	1.4396154976	-8.8940236905	-16.9950748365	-5.8075377409	-5.7110837061	-3.4614951055	-3.6533277609	-17.6689462855	5.9843911527	9.6201849799	-5.1783482267
